ALTER TABLE diarbete.ricette DROP COLUMN descrizione;
ALTER TABLE diarbete.ricette ADD COLUMN descrizione varchar(2048) NOT NULL;

INSERT INTO `diarbete`.`ricetta` (`titolo`, `dataInserimento`, `descrizione`) VALUES ('\'Involtini di pollo e zucchine al profumo di menta', '2017-02-15', 'Ingredienti: 8 fettine di pollo sottili (800 gr circa), 4 zucchine sottili + 6 normali (500 gr circa), 1 spicchio d’aglio, Parmigiano grattugiato, Olio di semi, Olio extra vergine, Sale, Pepe. Procedimento: Lavare accuratamente 4 zucchine e dividerle a metà in senso orizzontale. Stendere le fettine su un tagliere, aggiungere parmigiano, sale, pepe ed arrotolare la fettina sulla metà della zucchina, chiudendo ogni involtino con uno stuzzicadenti. Successivamente tagliare a cubetti le zucchine rimanenti e sminuzzare la menta. Versare mezzo bicchiere d’acqua in una padella ampia ed aggiungere le zucchine unite alla menta e ad uno spicchio d’aglio intero. Salare a piacere e far cuocere a fuoco basso per circa 5/10 minuti facendo attenzione a coprire la padella con un coperchio. Una volta che l’acqua sarà evaporata aggiungere gli involtini ed un cucchiaino di olio di semi e procedere con la cottura (sempre a fuoco lento) coprendo con il coperchio. Girare gli involtini di tanto in tanto per garantire una migliore cottura della carne.');
INSERT INTO `diarbete`.`ricetta` (`titolo`, `dataInserimento`, `descrizione`) VALUES ('Gamberetti al Cointreau flambè', '2017-02-15', 'Ingredienti: 800 gr di code di gambero sgusciate, 1 bicchiere di Cointreau, 1 spicchio di aglio, Erbe provenzali, Sale, Pepe, Olio di Semi, Olio Extra Vergine di Oliva. Procedimento: Lasciare riscaldare la padella per 1 minuto a fuoco medio, poi aggiungere le code di gambero, salare a piacere e versare un quarto di Cointreau. Inclinare la padella in modo che il liquore prenda fuoco, lasciando fiammeggiare fino a che non si spegnerà da solo. Ripetere il passaggio fino ad esaurire il Cointreau. Osservare che al termine della cottura si sia formata una “cremina”; aggiungere quindi le erbe di Provenza e il pepe a piacere con un cucchiaino di olio extra vergine di oliva. Servite su un letto di crudités a piacere.');
INSERT INTO `diarbete`.`ricetta` (`titolo`, `dataInserimento`, `descrizione`) VALUES ('Involtini di melanzane con cuore morbido di speck.', '2017-02-15', 'Ingredienti: 2 melanzane lunghe, 2 etti di speck, Scaglie di parmigiano, Pangrattato, Olio extravergine, Olio di semi, Sale, Pepe, Acqua, Cavolo Bianco. Procedimento: Pelare le melanzane eliminando la pelle, tagliarle per lungo in tante fettine sottili (non più spesse di 0,5 cm). Prendere una padella, versare un dito di acqua e aggiungere le fettine di melanzane facendole andare a fuoco medio per 3/5 minuti (sbollentarle). Questo servirà ad ammorbidire le melanzane per poter creare gli involtini. Nel frattempo riempire una ciotola con del pangrattato (quanto basta), aggiungere 2 cucchiaini di olio extra vergine di oliva e salate a piacere (senza esagerare perché lo speck contribuirà a dare gusto al piatto). Mescolate con i polpastrelli fino a rendere il pangrattato granuloso in modo omogeneo, stando attenti a non lasciare grumi di olio. Una volta che le fettine saranno pronte, impanatele nel composto appena preparato, e aggiungere una fettina di speck su ogni melanzana ponendo nel cuore una scaglia di grana. Avvolgere l’involtino arrotolando la melanzana su se stessa e chiuderlo con uno stuzzicadenti. Ripetere il passaggio per ogni fettina. Quando saranno tutti pronti versare un cucchiaio di olio di semi in una padella antiaderente e far cuocere a fuoco medio gli involtini stando attenti che la cottura venga dorata. Nel caso l’olio dovesse asciugarsi completamente, aggiungere un altro cucchiaino. Quando il tutto sarà pronto servite il piatto su un letto di cavolo bianco tagliato alla julienne. Spolverare con pepe a piacere.');
INSERT INTO `diarbete`.`ricetta` (`titolo`, `dataInserimento`, `descrizione`) VALUES ('Spaghetti con acciughe sotto sale al profumo di arancia', '2017-02-15', 'Ingredienti: 240 g di spaghetti, 6 acciughe conservate nel sale, mezzo peperone rosso e mezzo verde, 1 spicchio di aglio, 20 g di pane raffermo, semi di finocchio selvatico, scorza grattugiate di 1 arancia, 5 cucchiai di olio extravergine di oliva, sale. Procedimento: Lavate le acciughe sotto l’acqua corrente affinché perdano il sale di conservazione, quindi rimuovete la lisca e tenetele da parte. In un tegame abbastanza capiente per contenere anche la pasta, versate l’olio, l’aglio tritato finemente e i peperoni tagliati a cubetti. Fate soffrire fino a quando i peperoni saranno diventati teneri. A questo punto aggiungete le acciughe pulite e, con l’aiuto di una forchetta, scioglietele nell’olio caldo. In una pentola con acqua in ebollizione lessate gli spaghetti con poco sale. Scolateli e versateli nella padella con il condimento. Saltate per qualche minuto. Riscaldate sul fuoco una padellina antiaderente, versatevi il pane pestato con i semi di finocchietto e fate tostare per alcuni secondi. Distribuite la pasta nei piatti, cospargetela con il pane tostate e infine con un po’ di scorza d’arancia.');
INSERT INTO `diarbete`.`ricetta` (`titolo`, `dataInserimento`, `descrizione`) VALUES ('Tonno con la cipollata', '2017-02-15', 'Ingredienti: 6 fette di tonno fresco, 1 kg cipolle rosse, 150 ml aceto di vino bianco, 1/2 cucchiaino di zucchero, semola rimacinata di grano duro q.b., olio extravergine di oliva per friggere q.b., sale q.b. Procedimento: Affettare le cipolle finemente e stufarle in un’ampia padella con due bicchieri di acqua, due cucchiai di olio extravergine e due foglie di alloro utilizzando il coperchio. Terminare la cottura quando la cipolla sarà ben cotta e molto morbida, quindi far assorbire eventuale liquido rimasto e aggiustare di sale. Aggiungete alle cipolle l’aceto nel quale avrete fatto sciogliere lo zucchero facendo evaporare la parte alcolica. Infarinate le fette di tonno con la semola di grano duro, quindi friggerle in una padella con olio extravergine non troppo abbondante, e a fuoco medio, per due minuti per lato. Una volta cotto, scolare il pesce dall’olio in eccesso e salare, quindi trasferirlo in un piatto da portata. Coprite le fette di pesce con la cipollata e lasciare riposare fino a completo raffreddamento. Servite a temperatura ambiente.');
INSERT INTO `diarbete`.`ricetta` (`titolo`, `dataInserimento`, `descrizione`) VALUES ('Scottata di tonno in crosta di sesamo', '2017-02-15', 'Ingredienti: 3 fette di tonno a filetto (alte circa 2 cm), Sesamo q.b., Sale, Olio di semi, 1 spicchio d’aglio, Olio di extravergine di oliva, Prezzemolo, Crema balsamica (poca), Pepe nero. Procedimento: Ricoprire le fettine di tonno con i il sesamo versando i semi in un piatto e intingerlo in modo da ricoprirlo interamente. Salare a piacere prima della cottura. Prendere una padella antiaderente ampia, versare un cucchiaino di olio di semi e passarlo sulla padella con un tovagliolino. Schiacciare poi lo spicchio d’aglio e metterlo nella padella. Accendere il fuoco. Nel frattempo sminuzzare il prezzemolo. Lasciare scaldare la padella per 30 secondi, successivamente aggiungere il tonno e far scottare solo la superficie esterna delle fettine, facendo attenzione che il sesamo rimanga lievemente dorato. Una volta raggiunta la cottura spegnere il fuoco, aggiungere prezzemolo e pepe a piacere, condire con olio extra vergine e decorare con crema balsamica.');
INSERT INTO `diarbete`.`ricetta` (`titolo`, `dataInserimento`, `descrizione`) VALUES ('Polpette di ceci', '2017-02-15', 'Ingredienti: 250 gr. di ceci secchi, 1 scalogno, 50 gr. di parmigiano, 4 cucchiai di olio extravergine d’oliva, Semi di sesamo q.b., Noce moscata q.b., Sale q.b. Procedimento: Mettete a bagno i ceci la notte prima di preparare le vostre polpette. Il giorno dopo, lessateli in acqua salata per almeno un paio d’ore, fino a che non risulteranno abbastanza morbidi. Una volta scolati, metteteli in una zuppiera e schiacciateli con una forchetta; aggiungetevi lo scalogno tritato e il parmigiano grattugiato, insaporite con un pizzico di sale e di noce moscata e mescolate il tutto con le mani fino a ottenere un composto pressoché omogeneo; fatelo riposare per almeno venti minuti. Formate delle polpettine e rotolatele nei semi di sesamo finché l’esterno non ne verrà completamente ricoperto; foderate una teglia con della carta da forno e disponetevi sopra le polpettine, irrorandole con l’olio extravergine. Infornate e cuocete per circa trenta minuti a 180°C.');
INSERT INTO `diarbete`.`ricetta` (`titolo`, `dataInserimento`, `descrizione`) VALUES ('Coppette allo yogurt con mirtilli', '2017-02-15', 'Ingredienti: 1 cucchiaino di dolcificante liquido, 250 g di mirtilli freschi, 450 g di yogurt greco magro, 1 cucchiaio di miele, 100 g di muesli, 2 cucchiaini di amido di mais, Acqua q.b. Procedimento: Preparate salsa ai mirtilli scaldando su una fiamma bassissima i mirtilli e un fondo d’acqua. Quando i mirtilli saranno parzialmente spappolati, filtrateli in modo da tenere da parte i frutti ancora integri. Rimettete il succo nel pentolino e addensatelo sulla fiamma bassissima con l’amido di mais (che dev’essere precedentemente sciolto in pochissima acqua), in modo da ottenere una crema più densa. Unite a essa nuovamente i mirtilli e mettete un fondo di questa salsa densa ai mirtilli in ognuna delle quattro coppette; riponetele in freezer per una ventina di minuti. Nel frattempo aggiungete mezzo cucchiaino di miele allo yogurt e mescolate affinché si amalgamino; quando la salsa di mirtilli si sarà addensata, aggiungete la crema di yogurt col miele in ogni coppetta e concludete il vostro dessert aggiungendo il muesli croccante. Servite freddo.');
INSERT INTO `diarbete`.`ricetta` (`titolo`, `dataInserimento`, `descrizione`) VALUES ('Tortino con asparagi e ricotta', '2017-02-15', 'Ingredienti: 500 g di asparagi, una cipolla, 200 g di ricotta di mucca, 10 g di parmigiano, 100 g di panna di soia, 1 uovo, olio, sale e pepe (q.b.). Procedimento: Taglia finemente lo scalogno e mettilo in padella a rosolare con l’olio. Quando è dorato, unisci gli asparagi (precedentemente già lavati, puliti della parte più dura e poi tagliati a tocchetti). Nel frattempo versa in un contenitore a parte la ricotta di mucca, assieme a parmigiano, panna di soia e uovo e mescola il tutto per amalgamare bene (conserva a parte tre cucchiai di uovo sbattuto). Quando gli asparagi sono pronti uniscili al ripieno (se vuoi, trita in frullatore una metà così da dare un sapore più omogeneo al ripieno). Aggiungi sale e pepe. Stendi la pasta in un contenitore (con carta) da forno in modo da lasciarne dei bordi un po’ in eccesso. Versa il ripieno e ricopri il tutto con la pasta dei bordi e con una nuova sfoglia sulla superficie. Utilizza l’uovo sbattuto messo da parte per pennellare la copertura del tortino. Metti in forno per 30 minuti a 180°. Lascia raffreddare pochi minuti (ma non troppi) e il tortino è pronto.');
INSERT INTO `diarbete`.`ricetta` (`titolo`, `dataInserimento`, `descrizione`) VALUES ('Crema di riso e mandorle alla turca', '2017-02-15', 'Ingredienti: 40 g di scaglie di mandorle, 1 limone, 2 cucchiai di farina di riso, 1 cucchiaino di maizena, 250 ml di latte fresco scremato, 1/2 cucchiaino di cannella in polvere, 1 cucchiaio di diet sucary liquido o altro dolcificante per diabetici a scelta, 250 g di ricotta fresca. Procedimento: Tostare le mandorle nel forno caldo a 160° per 5 minuti, farle raffreddare e sbriciolarle. Lavare, asciugare e sbucciare sottilmente il limone. Con una frusta stemperare la farina di riso e la maizena con poco latte e la cannella, portare a ebollizione il restante latte insieme al dolcificante prescelto e alla buccia di limone. Filtrare e unire gradualmente il latte caldo al composto di farina, amalgamare il tutto, travasare nella stessa pentola del latte e cuocere a fuoco basso fino ai primi cenni di ebollizione. Far raffreddare il composto e frullarlo con la ricotta fino a ottenere una soffice crema, riempire quattro coppette e servire cospargendo con le mandorle tritate e un altro pizzico di cannella.');

ALTER TABLE diarbete.consiglioalimentare DROP COLUMN descrizione;
ALTER TABLE diarbete.consiglioalimentare ADD COLUMN descrizione varchar(2048) NOT NULL;

INSERT INTO `diarbete`.`consiglioalimentare` (`titolo`, `dataInserimento`, `descrizione`) VALUES ('La “batata” per combattere il diabete', '2017-02-15', 'Nella buccia di questo tubero dolce c’è una sostanza, il Cajapo, che sembra avere effetti benefici sia sulla riduzione del colesterolo che della glicemia. «La “batata” o patata dolce, nonché patata americana, è una radice tuberosa appartenente alla famiglia delle convolvulaceae, originaria dell’America del Sud ed è arrivata a noi tramite Cristofono Colombo. Non contiene solanina come le patate, appartenendo ad un’altra famiglia, anche se ne ricorda l’aspetto», spiega Serena Missori, specialista in Nutrizione, endocrinologia e diabetologia. «La “batata” – prosegue l’esperta –  contiene carboidrati, fibre (circa 3 gr), vitamina A, vitamina C, potassio, magnesio ferro e calcio, flavonoidi, antociani. In virtù dei costituenti si può dire a tutti gli effetti che ha potere antiossidante e anti-aging, ovvero anti-invecchiamento. Questo tubero ha ottenuto il punteggio più alto in una classifica sui vegetali più salutari grazie alla elevata concentrazione di principi attivi benefici anche nella buccia e può essere consumata anche cruda» – afferma Missori. «Uno studio clinico ha dimostrato che il Cajapo riduce la glicemia e l’insulino resistenza in pazienti affetti da diabete di tipo 2, dopo 5 mesi di assunzione giornaliera di 4 gr di Cajapo». Secondo l’esperta questo tubero «è un alimento molto utile per ottenere un effetto anti-aging e antiossidante, un miglior controllo glicemico, la riduzione di elevati valori di insulina». Rimangono comunque primari i consulti del proprio diabetologo sulle dosi e la frequenza. (Fonte: Il Messaggero)');
INSERT INTO `diarbete`.`consiglioalimentare` (`titolo`, `dataInserimento`, `descrizione`) VALUES ('Ipertensione? In aiuto i cibi con omega-3', '2017-02-15', 'Una dieta ricca di cibi che contengono omega-3, come il pesce o gli spinaci, aiuta a prevenire l’ipertensione. Lo conferma uno studio svizzero. Nelle persone che soffrono di pressione alta, la dieta, come l’attività fisica aerobica sono un importante supporto per tenere a bada i valori. Uno studio dell’università di Zurigo, presentato nel corso del meeting annuale dell’american heart association ha evidenziato i benefici di una dieta ricca di omega-3 sulla pressione del sangue nelle arterie. Verdure, oli vegetali e pesce emergono come pilastri di una dieta utile a tenere lontana l’ipertensione. La ricerca ha preso in considerazione circa 2000 soggetti con un’età compresa tra i 25 e i 41 anni. Tutti i partecipanti, all’inizio dell’esperimento, avevano condizioni di salute ottimali e un indice di massa corporea di 35 kgm2. Gli studiosi hanno deciso di suddividere le persone in 4 gruppi, a seconda della quantità di omega-3 circolante nel loro organismo. Nei soggetti con i valori più elevati di questi acidi grassi essenziali, secondo i risultati, sono stati evidenziati dei netti miglioramenti nella pressione sistolica o massima (4 mmhg in meno) e nella pressione diastolica o minima (2 mmhg). Questo significa, secondo gli studiosi, che una dieta ricca di cibi con omega-3 aiuta a diminuire la pressione del sangue nelle arterie, allontanando così l’ipertensione. (Fonte: quotidiano.net)');
INSERT INTO `diarbete`.`consiglioalimentare` (`titolo`, `dataInserimento`, `descrizione`) VALUES ('Diabete gestazionale, alcuni consigli', '2017-02-15', 'I parametri fondamentali da tenere in considerazione sono: la glicemia a digiuno e due ore dopo i pasti e l’emoglobina glicata (il test che misura il valore glicemico medio degli ultimi due-tre mesi). I parametri diagnostici sono: glicemia ≥ 95 mg/dl a digiuno; glicemia ≥ 180 mg/dl dopo un’ora; glicemia ≥ 153 mg/dl dopo due ore. Basta uno solo di questi valori alterato per parlare di diabete gestazionale.');
INSERT INTO `diarbete`.`consiglioalimentare` (`titolo`, `dataInserimento`, `descrizione`) VALUES ('Tè e diabete', '2017-02-15', 'Con l’arrivo dell’autunno il tè caldo torna ad essere una delle bevande più amate, salutari e ricca di antiossidanti. Secondo questo studio che compare su “pubmed”, il tè porterebbe un numero interessante di benefici, tra cui migliorare la sensibilità all’insulina. Oltre a questo, nello specifico i ricercatori hanno evidenziato che il tè può: mantenere una pressione sanguigna salutare; prevenire coaguli di sangue; ridurre il rischio di malattie cardiovascolari; ridurre il rischio di sviluppare il diabete di tipo 2; ridurre il rischio di sviluppare il cancro. Ma in che modo il tè aiuta i diabetici? Il tè, specialmente quello nero, oolong tè e il tè verde, contiene i polifenoli, molecole con una spiccata attività antibatterica e antiossidante, responsabili inoltre dell’aumento dell’attività insulinica. I ricercatori hanno inoltre sottolineato che, per trarre il massimo dalla bevanda e ottenere tutti gli effetti sopra citati, il tè va bevuto senza latte, variante sicuramente più comune in gran Bretagna che in Italia. Il tè può prevenire lo sviluppo del diabete? I polifenoli sono conosciuti in ambito scientifico soprattutto per le loro proprietà anti-ossidanti che possono aiutare contro infiammazioni e agenti cancerogeni. Inoltre, uno studio olandese del 2009 dimostra che bere tre tazze di tè (o caffè) al giorno può aiutare a ridurre il rischio di sviluppare il diabete di tipo 2 del 40%. Altri fattori da considerare per prevenire il diabete di tipo 2 includono: mangiare pochi cibi confezionati; mangiare verdure di stagione regolarmente; praticare attività fisica tutti i giorni; non fumare; consumare poco alcol. Il tè contiene anche piccoli micronutrienti chiamati flavonoidi, potenti antiossidanti che hanno delle funzionalità specifiche utili per garantire l’ottimale funzionamento di fegato, sistema immunitario e capillari. In particolare, la teina contiene un flavonoide che aiuta a mantenere stabile la pressione sanguigna e ad abbassare lo stress.');
INSERT INTO `diarbete`.`consiglioalimentare` (`titolo`, `dataInserimento`, `descrizione`) VALUES ('Carboidrati: amici o nemici del diabete?', '2017-02-15', ' Spesso si pensa, erroneamente, che i diabetici debbano eliminare dalla loro dieta i carboidrati. Niente di più sbagliato perché la situazione non sta affatto in questi termini. “I diabetici – spiega il dottor Alberto de Micheli, diabetologo e co-editor degli standard italiani per la cura del diabete – non devono eliminare dalla loro tavola i carboidrati complessi come pane o pasta che costituiscono una fonte essenziale di energia all’interno della nostra alimentazione. Il discorso è diverso, invece, per quanto concerne gli zuccheri semplici (dolci) che devono essere sempre assunti con moderazione, da diabetici e non”. All’interno della grande famiglia dei carboidrati complessi ci sono due sottogruppi: quella dei carboidrati raffinati, come il pane e il riso bianchi e la pasta normale che comunemente consumiamo e i carboidrati non raffinati. Appartengono a questo secondo sottogruppo pane, pasta e riso integrali. Se i cibi integrali sono di nostro gradimento, meglio optare per questi ultimi, che comunque non vanno ritenuti “obbligatori”. I vantaggi sono numerosi. Prima di tutto, i cibi integrali sono ricchi di fibre, vitamine e sali minerali. E le fibre, si sa, agevolano il buon funzionamento dell’intestino. Secondo alcuni studi scientifici, inoltre, i cibi integrali ridurrebbero il rischio di malattie cardiovascolari e di alcuni tipi di tumori. Ma non solo. “i cibi integrali – precisa de Micheli – hanno il vantaggio di rilasciare gli zuccheri nel sangue più lentamente rispetto ai prodotti raffinati. Ciò ha un impatto positivo sulla glicemia che tenderà a rimanere più stabile”.');
INSERT INTO `diarbete`.`consiglioalimentare` (`titolo`, `dataInserimento`, `descrizione`) VALUES ('Il burro previene il diabete?', '2017-02-15', 'Per anni è sempre stato bandito da qualsivoglia dieta, colpevole di innescare patologie cardiovascolari. Stiamo parlando del burro, la parte grassa del latte, un ingrediente che negli ultimi tempi sembra essere riconsiderato. Secondo una ricerca condotta dalla Friedman School of Nutrition Science&Policy della Tufts University (USA), il consumo è infatti solo debolmente associato alla mortalità, mentre non c’è alcun legame con le malattie cardiovascolari ed è stato osservato anche un lieve effetto protettivo nei confronti del diabete, legato proprio alla presenza di grassi del latte. Unica precauzione: non abusarne. Lo studio, pubblicato su “plos one”, ha coinvolto 635mila persone che sono state sottoposte a diversi test anche alimentari. In media, la quantità di burro consumata quotidianamente è risultata pari a un cucchiaio, circa 14 grammi. Durante il periodo di “follow up”, nel quale cioè i partecipanti agli studi sono stati seguiti, i ricercatori hanno verificato 28.271 decessi, 9.783 casi di malattie cardiovascolari e 23.954 casi di insorgenza di diabete. Lo studio ha però riscontrato “piccole o insignificanti” correlazioni tra il consumo di burro, le malattie e la mortalità totale. L’effetto protettivo nei confronti del diabete, spiegano i ricercatori, potrebbe essere legato alla presenza di grassi del latte, ma dev’essere ulteriormente approfondito. «Sebbene chi mangia burro abbia uno stile di vita e un’alimentazione peggiore, questo alimento sembra essere complessivamente neutrale» ha spiegato Laura Pimpin, autrice della ricerca. «Ciò suggerisce che può essere una via di mezzo tra scelte più salutari come l’olio extravergine di oliva e peggiori come per esempio lo zucchero e l’amido, contenuti nel pane bianco e nelle patate». Nonostante quindi l’interessante scoperta, è consigliabile non esagerare con le dosi di burro nella propria dieta, preferendo comunque frutta, verdura e un’adeguata attività fisica. (fonte: plos one)');
INSERT INTO `diarbete`.`consiglioalimentare` (`titolo`, `dataInserimento`, `descrizione`) VALUES ('Yogurt e ricotta vs diabete di tipo 2', '2017-02-15', 'Secondo i ricercatori dell’University of Cambridge, non tutti gli alimenti con grassi saturi aumenterebbero le possibilità di sviluppare il diabete, anzi, alcuni potrebbero proteggerci dalla malattia. Lo studio ha dimostrato che inserire nella propria dieta alimenti come lo yogurt, nella giusta quantità, può ridurre fino al 28% il rischio di contrarre il diabete 2. Ma le buone notizie per gli amanti dei latticini non finiscono qui; infatti è emerso dallo stesso studio che anche prodotti lattiero-caseari fermentati e a basso contenuto di grassi, come ad esempio la ricotta, possono ridurre il rischio del 24%. La ricerca si è basata sui dati del grande studio “EPIC-Norfolk”, che ha coinvolto 30mila uomini e donne di Norfolk (Regno Unito) per un periodo di 11 anni.  Da qui sono state confrontate le diete giornaliere di 753 partecipanti che avevano sviluppato il diabete di tipo 2 con quelle di altre 3.500 persone in salute. A seguito delle analisi, la scoperta inaspettata: coloro che avevano consumato maggiormente yogurt e formaggi fermentati freschi e a basso contenuto di grassi avevano, rispetto ai non consumatori, un rischio di sviluppare diabete ridotto del 24% lungo il periodo di 11 anni. «Questa ricerca evidenzia che gli alimenti specifici possono avere un ruolo importante nella prevenzione del diabete di tipo 2 e sono rilevanti per i messaggi di salute pubblica», ha commentato la dott.ssa Nita Forouhi, del Medical Research Council (MRC) – Unità di Epidemiologia presso l’Università di Cambridge.  Lo yogurt contiene calcio, magnesio, vitamina D e acidi grassi, di cui tutti con benefici sulla salute. (Fonte: The Guardian)');
INSERT INTO `diarbete`.`consiglioalimentare` (`titolo`, `dataInserimento`, `descrizione`) VALUES ('Asparago pro diabete tipo 2', '2017-02-15', 'Uno studio condotto da un gruppo di ricercatori dell’università di Karachi (Pakistan) e pubblicato sul British Journal of Nutrition, dimostra come gli asparagi aiutino a controllare i livelli di zucchero nel sangue e facilitino la produzione di insulina: una buona notizia per chi è affetto da diabete di tipo 2. «Questo studio – spiegano i ricercatori – suggerisce che l’estratto di asparagi esercita effetti anti-diabetici». La ricerca ha rivelato che, mentre il consumo di asparagi a piccole dosi è in grado di abbassare i livelli di zucchero nel sangue, se ampiamente consumato il vegetale stimola il pancreas nella produzione di insulina, entrando a far parte di quella gamma di alimenti che aiutano l’organismo nella regolazione del glucosio. I test sono stati effettuati su due gruppi di topi diabetici analizzati per 28 giorni, rispettivamente con l’estratto di asparago e con un farmaco anti-diabete, il glibenclamide. Dopo aver esaminato i loro campioni di sangue, i ricercatori hanno osservato che l’estratto di asparago aveva abbassato i livelli di glucosio nel sangue e stimolato la produzione di insulina. Questo studio ci regala una scoperta interessante, ciononostante l’asparago non può essere considerato come una vegetale miracoloso, ma così come altri alimenti, se inserito nella nostra dieta può avere ricadute benefiche. Soprattutto in primavera, l’asparago può quindi rientrare tra gli alimenti della dieta diabetica, anche grazie alla presenza di fibra, vitamina c, carotenoidi, vitamina b, sali minerali ed acido folico. (fonte: daily mail)');
INSERT INTO `diarbete`.`consiglioalimentare` (`titolo`, `dataInserimento`, `descrizione`) VALUES ('Cosa dovrei mangiare a colazione?', '2017-02-15', 'A tutte le età e in qualsiasi condizione fisio-patologica, consumare un pasto energetico al mattino e stare leggeri la sera è uno stile alimentare che favorisce un miglior controllo glicemico nel corso dell’intera giornata e può aiutare a ridurre i rischi di complicanze diabetiche. La prima regola rimane sempre “mangiare entro due ore dal risveglio”. Ecco alcuni esempi di colazione, perfetti per entrambi i tipi di diabete: yogurt greco 0% grassi o yogurt di soia + macedonia di frutta + mandorle; latte + muesli + frutti di bosco; tè o infuso + bresaola + mela; pane integrale di segale + ricotta o uovo + frutto; frullato preparato con latte di soia, crusca d’avena, riso o fiocchi d’avena, frutta a piacere. È importante quindi aumentare il consumo di fibre, diminuire l’apporto di zucchero e sale, assumere più vitamine e minerali. Saltare la colazione al mattino porta a mangiare molto di più nel corso della giornata, con il rischio non solo di alzare i livelli glicemici, ma anche di eccedere col cibo e ingrassare. Una prima colazione nutriente permette invece di iniziare la giornata con vitalità e rende più facile controllare il peso, la glicemia, i livelli ormonali, fornendo all’organismo tutti i nutrienti di cui ha bisogno. Se al mattino andate di fretta e non avete tempo per fare colazione provate a preparare ciò che serve la sera prima o a consumare qualcosa mentre andate al lavoro. (fonte: The Independent)');
INSERT INTO `diarbete`.`consiglioalimentare` (`titolo`, `dataInserimento`, `descrizione`) VALUES (' Legumi, utili alleati contro il diabete', '2017-02-15', 'Fagioli, lenticchie, piselli, fave, ceci e compagnia sono molto versatili in cucina e rappresentano un’ottima fonte di proteine vegetali (che dovrebbero rappresentare circa due terzi di tutte le proteine introdotte). Inoltre, sono ricchi di fibre. Tutti i semi delle leguminose pur contenendo carboidrati sono consigliati poiché, avendo un basso indice glicemico, influenzano modicamente le concentrazioni di glucosio nel sangue. E quindi possono essere consumati senza troppi problemi anche dai diabetici. I legumi hanno mostrato di contrastare le brusche variazioni di glucosio ematico che sono tra le principali cause dei danni a lungo termine legati alla malattia diabetica. Assunti insieme con pasta, riso o patate fanno sì che la componente glucidica di questi ultimi sia assorbita lentamente e gradualmente, con una azione che prosegue anche durante le fasi di digiuno. In questo modo si evitano non soltanto impennate di glicemia subito dopo il pasto, ma anche eccessivi abbassamenti dei livelli glicemici tra un pasto e l’altro, specie in chi soffre di diabete di tipo 1 e, pertanto, fa uso di insulina. Ma le loro proprietà salutari non finiscono qui. Se consumati abitualmente – gli esperti consigliano di metterli in tavola almeno tre volte la settimana – riducono anche il colesterolo e i trigliceridi circolanti, svolgendo quindi un’azione protettiva su cuore e circolo.');

ALTER TABLE diarbete.evento DROP COLUMN descrizione;
ALTER TABLE diarbete.evento ADD COLUMN descrizione varchar(2048) NOT NULL;
INSERT INTO `diarbete`.`evento` (`regione`, `dataInserimento`, `dataEvento`, `provincia`, `comune`, `indirizzo`, `src`, `titolo`, `dottorePubblicante`, `descrizione`) VALUES ('Liguria', '2017-01-15', '2017-02-08', 'Imperia', 'Sanremo', 'Corso G. Garibaldi', 'img/eventi/sanremo.jpg', 'Prevenzione cardiovascolare. La banca del cuore va in tour ', 'c.perrotta@gmail.com', 'Parte da Sanremo (8-11 febbraio 2017), toccando poi 30 città. Ad ogni sosta, previsti screening gratuiti di prevenzione cardiovascolare. Che cos’è il Truck Tour Banca del Cuore? Il Truck Tour Banca del Cuore è un Jumbo Truck appositamente allestito, che nei prossimi 8 mesi farà tappa nel cuore di 30 città italiane: Sanremo, Ancona, Pescara, Bari, Lecce, Matera, Cosenza, Catanzaro, Napoli, Avellino, Roma, Viterbo, Perugia, Firenze, Torino, Genova, Nuoro, Cagliari, Palermo, Catania, Viareggio, Cremona, Milano, Bergamo, Trieste, Venezia, Trento, Vicenza, Bologna, Rimini. I cittadini, nei tre giorni di sosta previsti per ogni città, potranno effettuare gratuitamente uno screening di prevenzione cardiovascolare (CV) comprensivo di: esame elettrocardiografico e screening aritmico; rilievo della pressione arteriosa; prelievo di una goccia di sangue dal dito per la determinazione di tutto il profilo; storia clinica e farmaci assunti. La Banca del Cuore è un progetto ambizioso da ANMCO – Associazione Nazionale Medici Cardiologi Ospedalieri e dalla Fondazione “per il Tuo cuore” HCF Onlus per sensibilizzare la popolazione a prendersi maggior cura del proprio cuore – il nostro bene più prezioso – anche lontano da casa, in viaggio o quando non è possibile raggiungere il proprio Medico. Grazie a un BANCOMHEART personale, si potrà aprire la propria “cassaforte” virtuale ogni volta che sia necessario, anche a distanza, tramite computer, tablet e smartphone, e accedere ai propri esami ECG e dati clinici, disponibili per la consultazione e il download.');
INSERT INTO `diarbete`.`evento` (`regione`, `dataInserimento`, `dataEvento`, `provincia`, `comune`, `indirizzo`, `src`, `titolo`, `dottorePubblicante`, `descrizione`) VALUES ('Lombardia', '2017-01-15', '2017-01-30', 'Milano', 'Milano', 'Consiglio Regionale della Lombardia, via F. Filzi 22, Sala Pirelli', 'img/eventi/focus.jpg', 'Focus diabete nell’età evolutiva in Lombardia ', 'd.raggi@gmail.com', 'Lunedì 30 Gennaio si discuterà di diabete di tipo 1 al Consiglio Regionale della Lombardia, nel corso di un convegno organizzato dalla III Commissione Sanità e Politiche Sociali. Parteciperanno all’evento, in qualità di relatori, rappresentanti delle istituzioni ed esperti scientifici. Il convegno si propone come specifico “Focus sul diabete in età evolutiva in regione Lombardia” alla luce dell’aumento dei casi di diabete di tipo 1 in età pediatrica e adolescenziale. L’evento vuole aprire una riflessione e un confronto sulle azioni e le risorse già messe in campo a livello territoriale o da pianificare in futuro per un’adeguata prevenzione primaria e per favorire una diagnosi precoce attraverso screening genetici e immunologici dei bambini ad alto rischio. Le cause della comparsa tra i più giovani di questo tipo di diabete, sono infatti da ricercarsi principalmente in fattori genetici ereditari, immunitari e di tipo ambientale. Il convegno “Focus diabete nell’età evolutiva lombarda” avrà inizio alle ore 10 e sarà introdotto dal Presidente del Consiglio regionale Raffaele Cattaneo e dal Presidente della Commissione Sanità Fabio Rolfi. “Regione Lombardia –ricorda il Presidente della Commissione Fabio Rolfi – ha già recepito il Piano nazionale Diabete, che offre ai bambini con diabete e alle loro famiglie il miglior supporto possibile, riconosce il ruolo delle strutture ospedaliere specializzate, omogeneizza le cure a livello regionale e semplifica gli aspetti burocratici”.');
INSERT INTO `diarbete`.`evento` (`regione`, `dataInserimento`, `dataEvento`, `provincia`, `comune`, `indirizzo`, `src`, `titolo`, `dottorePubblicante`, `descrizione`) VALUES ('Lombardia', '2017-01-15', '2017-02-22', 'Milano', 'Milano', 'Circolo della Stampa, Palazzo Bocconi, Corso Venezia 48', 'img/eventi/occhio.jpg', 'Occhio al diabete!', 'e.perone@gmail.com', 'Ore 15.00 A che punto siamo sull’assistenza alla persona con Diabete in Lombardia –  Maria Luigia Mottes Presidente ADPMI onlus. Ore 15.20 Farmaci dal nome generico e biosimilari: benefici e  rischi per il diabetico. Conoscere per non sbagliare. Dr. Roberto Trevisan Diabetologo – Direttore USC MALATTIE ENDOCRINE-DIABETOLOGIA presso l’AO Papa Giovanni XXIII Bergamo. Ore 15.50 Ho il Diabete, non sono il Diabete. Vivere consapevolmente il diabete. Dott.ssa Serena Barello. PhD, Assegnista di ricerca, Università Cattolica del Sacro Cuore Milano. Ore 16.30 Occhio al Diabete – La retinopatia e le complicanze oculari nel diabetico. Novità nella prevenzione e cura. Dott.ssa Rosangela Lattanzio, Responsabile del Servizio di Retina medica – Vasculopatie HSR. Ore 17.10 – 18.00 Interventi dal pubblico e chiusura del congresso. Seguirà: ore 21.00 Concerto. SOLO ARMONIE 2016. Orchestra e coro Ludwig van Beethoven. La cittadinanza è invitata a partecipare – INGRESSO LIBERO');
INSERT INTO `diarbete`.`evento` (`regione`, `dataInserimento`, `dataEvento`, `provincia`, `comune`, `indirizzo`, `src`, `titolo`, `dottorePubblicante`, `descrizione`) VALUES ('Campania', '2017-01-15', '2017-02-20', 'Napoli', 'Napoli', 'Via Calata San Marco 4 – 80133 Napoli', 'img/eventi/napoli.jpg', 'Insieme per la Giornata Mondiale del Diabete', 'c.perrotta@gmail.com', 'Ore 15 Apertura dei lavori: Conduce Claudia Mercurio. Saluti: Vincenzo De Luca, Governatore Regione Campania; Luigi De Magistris, Sindaco di Napoli, Flora Beneduce, Consigliere Regionale Campania; Paola Pisanti, Ministero della Sanità; Michele Di Iorio, Presidente Federfarma Napoli; Fabiana Anastasio, FAND – Coord. Reg. Ass. Pazienti Diabetici; Olimpia Cimmino, DJ Campania; Gianpiero Aguglia, ANIAD; Giovanni Arpino, SIMG; Pietro Buono, SIEDP; Giuseppina De Simone, AMD-SID; Teresa Borrelli, OSDI; Ernesto Rossi, Presidente AMD; Ferdinando Carlo Sasso, Presidente SID; Lanfranco Scaramuzzino, Coordinatore Giornata Mondiale del Diabete 2017. Moderatori: Lanfranco Scaramuzzino, Amodio Botta, Ferdinando Carlo Sanno. I Microinfusori – Enzo di Biasi; Il cardiologo – Maurizio Galderisi; Il nefrologo – Roberto Minutolo; Il neurologo – Francesco Habetswaller; L’oculista – Gianluigi Manzi; Farmaci e insulina – Andrea Perrelli.');
INSERT INTO `diarbete`.`evento` (`regione`, `dataInserimento`, `dataEvento`, `provincia`, `comune`, `indirizzo`, `src`, `titolo`, `dottorePubblicante`, `descrizione`) VALUES ('Emilia-Romagna', '2017-01-15', '2017-05-05', 'Rimini', 'Rimini', 'Via della Fiera, 23, Rimini ', 'img/eventi/rimini.jpg', '26° Congresso Nazionale SD', 'r.russo@gmail.com', 'Il programma, allestito grazie al grande impegno del Comitato Scientifico, coordinato da Francesco Giorgino e composto da Gabriella Gruden, Gian Paolo Fadini, Pietro Formisano, Paolo Moghetti, Andrea Natali, Lorenzo Piemonti, Salvatore Piro e Sabrina Prudente, include letture, simposi, minisimposi, opinioni a confronto, incontri con l’esperto, 150 comunicazioni orali e 300 poster e si sviluppa in 5 tracks (terapia; complicanze; epidemiologia, clinica e monitoraggio; eziopatogenesi e fisiopatologia; frontiere della ricerca) . Un programma che dovrebbe soddisfare tutte le vostre esigenze e non deludere le vostre aspettative. In questi giorni al Congresso della SID si discuterà della diabetologia di oggi, di domani e di dopodomani. Perché la SID corre veloce, al passo con le nuove generazioni. Quelle dei trentenni e dei quarantenni che saranno protagonisti della parte più squisitamente scientifica del congresso, presentando i risultati delle loro ricerche. Proiettata nel futuro ma senza trascurare i cinquantenni e i sessantenni che, forti delle loro consolidate esperienze, presenteranno le loro idee sugli aspetti scientifici, clinici e organizzativi della diabetologia. Saldamente ancorata ai pareri e ai saggi consigli provenienti dai Maestri e Padri Fondatori, ora settantenni e ottantenni ma sempre fortemente impegnati nella missione originaria della SID di trasmettere conoscenza e di promuovere ricerca in tema di diabete.');


ALTER TABLE diarbete.dottore DROP COLUMN curriculum;
ALTER TABLE diarbete.dottore ADD COLUMN curriculum varchar(2048) NOT NULL;
INSERT INTO `diarbete`.`dottore` (`email`, `password`, `nome`, `cognome`, `indirizzo`, `src`, `ambito`, `specializzazione`, `curriculum`) VALUES ('d.raggi@gmail.com', 'Password1', 'Daniele', 'Raggi', 'Via dei Vestini, 70024 Colle dell\'Ara, Chieti CH', 'img/dottori/raggi.jpg', 'Medicina Interna', 'Diabetologia e malattie del ricambio', 'Cognome e nome: Dott.Raggi Daniele. Luogo e data di nascita	CHIETI  - CH- 22/11/1954. Iscrizioni: 16/09/1997 - Albo Provinciale dei Medici Chirurghi di CHIETI (Ordine della Provincia di CHIETI) n. 0000003844. Lauree: 03/12/1981 - MEDICINA E CHIRURGIA (BOLOGNA \"ALMA MATER STUDIORUM\"). Abilitazioni: 1981 /2  - Medicina e Chirurgia (BOLOGNA \"ALMA MATER STUDIORUM\"). Specializzazioni: 08/07/1985 - DIABETOLOGIA E MALATTIE DEL RICAMBIO (PARMA) – Specializzazione 18/11/1991 - MEDICINA INTERNA (BOLOGNA \"ALMA MATER STUDIORUM\") - Specializzazione');
INSERT INTO `diarbete`.`dottore` (`email`, `password`, `nome`, `cognome`, `indirizzo`, `src`, `ambito`, `specializzazione`, `curriculum`) VALUES ('r.russo@gmail.com', 'Password2', 'Roberta', 'Russo', 'Piazzale Santa Maria della Misericordia, 15, 33010 Udine UD', 'img/dottori/russo.jpg', 'Medicina e Chirurgia', 'Diabetologia e malattie del ricambio', 'Cognome e nome: Dott.ssa Russo Roberta. Luogo e data di nascita	UDINE  - UD- 31/10/1972. Iscrizioni: 24/05/1999 - Albo Provinciale dei Medici Chirurghi di UDINE (Ordine della Provincia di UDINE) n. 0000004206. Lauree: 24/07/1998 - MEDICINA E CHIRURGIA (UDINE). Abilitazioni: 1999 /1  - Medicina e Chirurgia (UDINE). Specializzazioni: 08/05/2002 - DIABETOLOGIA E MALATTIE DEL RICAMBIO (PARMA) – Specializzazione');
INSERT INTO `diarbete`.`dottore` (`email`, `password`, `nome`, `cognome`, `indirizzo`, `src`, `ambito`, `specializzazione`, `curriculum`) VALUES ('e.perone@gmail.com', 'Password3', 'Enrico', 'Perone', 'Contrada Papardo, 98158 Messina ME', 'img/dottori/perone.jpg', 'Medicina e Chirurgia', 'Endocrinologia e malattie ricambio (indirizzo malattie del ricambio e diabetologia) ', 'Cognome e nome: Dott.Perone Enrico. Luogo e data di nascita: MESSINA - ME- 19/12/1971. Iscrizioni: 17/09/1998 - Albo Provinciale dei Medici Chirurghi di MESSINA (Ordine della Provincia di MESSINA) n. 0000008018. Lauree: 17/07/1997 - MEDICINA E CHIRURGIA (MESSINA). Abilitazioni: 1998 /1  - Medicina e Chirurgia (MESSINA). Specializzazioni: 28/10/2003 - ENDOCRINOLOGIA E MALATTIE RICAMBIO (INDIRIZZO MALATTIE DEL RICAMBIO E DIABETOLOGIA) (MESSINA) – Specializzazione.');
INSERT INTO `diarbete`.`dottore` (`email`, `password`, `nome`, `cognome`, `indirizzo`, `src`, `ambito`, `specializzazione`, `curriculum`) VALUES ('c.perrotta@gmail.com', 'Password4', 'Concetta', 'Perrotta', 'Via di Ponte Quattro capi, 39, 00186 Isola Tiberina, Roma RM', 'img/dottori/perrotta.jpg', 'Medicina Interna', 'Endocrinologia e malattie ricambio (indirizzo malattie del ricambio e diabetologia) ', 'Cognome e nome: Dott.ssa Perrotta Concetta. Luogo e data di nascita: REGGIO DI CALABRIA  - RC- 21/10/1950. Iscrizioni: 10/02/1976 - Albo Provinciale dei Medici Chirurghi di ROMA (Ordine della Provincia di ROMA) n. 0000022522. Lauree: 18/07/1975 - MEDICINA E CHIRURGIA (ROMA \"LA SAPIENZA\"). Abilitazioni: 1976 /1  - Medicina e Chirurgia (ROMA \"LA SAPIENZA\"). Specializzazioni: 16/07/1986 - MEDICINA NUCLEARE (ROMA \"LA SAPIENZA\") – Specializzazione: 17/11/1994 - ENDOCRINOLOGIA E MALATTIE RICAMBIO (INDIRIZZO ENDOCRINOLOGIA) (ROMA \"LA SAPIENZA\") – Specializzazione. 22/07/1982 - MEDICINA INTERNA (ROMA \"LA SAPIENZA\") – Specializzazione.');


INSERT INTO `diarbete`.`paziente` (`email`, `password`, `nome`, `cognome`, `indirizzo`, `src`, `descrizione`, `tipoDiabete`, `dataDiNascita`) VALUES ('mmorisco@gmail.com', 'paziente1', 'Marco', 'Morisco', 'Corso Garibaldi, 42, Roma', 'img/pazienti/paziente1.jpg', 'Amo la musica e la politica svedese.', '2', '1988-03-26');
INSERT INTO `diarbete`.`paziente` (`email`, `password`, `nome`, `cognome`, `indirizzo`, `src`, `descrizione`, `tipoDiabete`, `dataDiNascita`) VALUES ('pconti@gmail.com', 'paziente2', 'Paolo', 'Conti', 'Corso Malta, 6, Rimini', 'img/pazienti/paziente2.jpg', 'Amo la buona cucina. ', '2', '1975-04-03');
INSERT INTO `diarbete`.`paziente` (`email`, `password`, `nome`, `cognome`, `indirizzo`, `src`, `descrizione`, `tipoDiabete`, `dataDiNascita`) VALUES ('opollo@gmail.com', 'paziente3', 'Osvaldo', 'Pollo', 'Via Roma, 78, Bergamo', 'img/pazienti/paziente3.jpg', 'Apprezzo la musica rap e amo stare in compagnia dei miei amici.', '1', '1972-01-23');
INSERT INTO `diarbete`.`paziente` (`email`, `password`, `nome`, `cognome`, `indirizzo`, `src`, `descrizione`, `tipoDiabete`, `dataDiNascita`) VALUES ('pgiordano@gmail.com', 'paziente4', 'Piero', 'Giordano', 'Via delle Camelie, 53, Napoli', 'img/pazienti/paziente4.jpg', 'Amo leggere classici e nel tempo libero seguo un corso da sommelier.', '2', '1978-10-15');
INSERT INTO `diarbete`.`paziente` (`email`, `password`, `nome`, `cognome`, `indirizzo`, `src`, `descrizione`, `tipoDiabete`, `dataDiNascita`) VALUES ('vschillaci@gmail.com', 'paziente5', 'Veronica', 'Schillaci', 'Via del Lagno, 21, Torino', 'img/pazienti/paziente5.jpg', 'Nel tempo libero mi dedico alla mia passione per lo yoga.', '1', '1980-07-19');
INSERT INTO `diarbete`.`paziente` (`email`, `password`, `nome`, `cognome`, `indirizzo`, `src`, `descrizione`, `tipoDiabete`, `dataDiNascita`) VALUES ('tbianchi@gmail.com', 'paziente6', 'Teresa', 'Bianchi', 'Piazza della Libertà, 5, Bologna', 'img/pazienti/paziente6.jpg', 'Nel tempo mi diletto a dipingere tramonti e frutta morta.', '2', '1986-05-08');
INSERT INTO `diarbete`.`paziente` (`email`, `password`, `nome`, `cognome`, `indirizzo`, `src`, `descrizione`, `tipoDiabete`, `dataDiNascita`) VALUES ('gesposito@gmail.com', 'paziente7', 'Gennaro', 'Esposito', 'Via Mezzocannone, 12, Napoli', 'img/pazienti/paziente7.jpg', 'Amante del teatro, adoro la vera pizza napoletana!', '2', '1965-08-16');


ALTER TABLE diarbete.valoreglicemico DROP COLUMN giorno;
ALTER TABLE diarbete.valoreglicemico ADD COLUMN giorno timestamp;
ALTER TABLE diarbete.valoreglicemico ADD COLUMN mattina int;
ALTER TABLE diarbete.valoreglicemico ADD COLUMN pomeriggio int;
ALTER TABLE diarbete.valoreglicemico ADD COLUMN sera int;
ALTER TABLE diarbete.valoreglicemico DROP column valore;
ALTER TABLE diarbete.valoreglicemico DROP PRIMARY KEY, ADD PRIMARY KEY (pazienteDiAppartenenza, giorno);
INSERT INTO `diarbete`.`valoreglicemico` (`pazienteDiAppartenenza`, `giorno`, `mattina`, `pomeriggio`, `sera`) VALUES ('mmorisco@gmail.com', '2017-02-15', '230', '240', '230');
INSERT INTO `diarbete`.`valoreglicemico` (`pazienteDiAppartenenza`, `giorno`, `mattina`, `pomeriggio`, `sera`) VALUES ('mmorisco@gmail.com', '2017-02-16', '231', '239', '245');
INSERT INTO `diarbete`.`valoreglicemico` (`pazienteDiAppartenenza`, `giorno`, `mattina`, `pomeriggio`, `sera`) VALUES ('mmorisco@gmail.com', '2017-02-17', '235', '235', '241');
INSERT INTO `diarbete`.`valoreglicemico` (`pazienteDiAppartenenza`, `giorno`, `mattina`, `pomeriggio`, `sera`) VALUES ('gesposito@gmail.com', '2017-02-15', '233', '245', '240');
INSERT INTO `diarbete`.`valoreglicemico` (`pazienteDiAppartenenza`, `giorno`, `mattina`, `pomeriggio`, `sera`) VALUES ('gesposito@gmail.com', '2017-02-16', '232', '244', '239');
INSERT INTO `diarbete`.`valoreglicemico` (`pazienteDiAppartenenza`, `giorno`, `mattina`, `pomeriggio`, `sera`) VALUES ('gesposito@gmail.com', '2017-02-17', '227', '230', '236');
INSERT INTO `diarbete`.`valoreglicemico` (`pazienteDiAppartenenza`, `giorno`, `mattina`, `pomeriggio`, `sera`) VALUES ('opollo@gmail.com', '2017-02-15', '240', '252', '247');
INSERT INTO `diarbete`.`valoreglicemico` (`pazienteDiAppartenenza`, `giorno`, `mattina`, `pomeriggio`, `sera`) VALUES ('opollo@gmail.com', '2017-02-16', '242', '255', '250');
INSERT INTO `diarbete`.`valoreglicemico` (`pazienteDiAppartenenza`, `giorno`, `mattina`, `pomeriggio`, `sera`) VALUES ('opollo@gmail.com', '2017-02-17', '235', '240', '237');
INSERT INTO `diarbete`.`valoreglicemico` (`pazienteDiAppartenenza`, `giorno`, `mattina`, `pomeriggio`, `sera`) VALUES ('pconti@gmail.com', '2017-02-15', '237', '255', '248');
INSERT INTO `diarbete`.`valoreglicemico` (`pazienteDiAppartenenza`, `giorno`, `mattina`, `pomeriggio`, `sera`) VALUES ('pconti@gmail.com', '2017-02-16', '246', '250', '245');
INSERT INTO `diarbete`.`valoreglicemico` (`pazienteDiAppartenenza`, `giorno`, `mattina`, `pomeriggio`, `sera`) VALUES ('pconti@gmail.com', '2017-02-17', '240', '246', '244');
INSERT INTO `diarbete`.`valoreglicemico` (`pazienteDiAppartenenza`, `giorno`, `mattina`, `pomeriggio`, `sera`) VALUES ('pgiordano@gmail.com', '2017-02-15', '230', '236', '232');
INSERT INTO `diarbete`.`valoreglicemico` (`pazienteDiAppartenenza`, `giorno`, `mattina`, `pomeriggio`, `sera`) VALUES ('pgiordano@gmail.com', '2017-02-16', '233', '238', '234');
INSERT INTO `diarbete`.`valoreglicemico` (`pazienteDiAppartenenza`, `giorno`, `mattina`, `pomeriggio`, `sera`) VALUES ('pgiordano@gmail.com', '2017-02-17', '235', '239', '237');
INSERT INTO `diarbete`.`valoreglicemico` (`pazienteDiAppartenenza`, `giorno`, `mattina`, `pomeriggio`, `sera`) VALUES ('tbianchi@gmail.com', '2017-02-15', '241', '246', '248');
INSERT INTO `diarbete`.`valoreglicemico` (`pazienteDiAppartenenza`, `giorno`, `mattina`, `pomeriggio`, `sera`) VALUES ('tbianchi@gmail.com', '2017-02-16', '239', '245', '243');
INSERT INTO `diarbete`.`valoreglicemico` (`pazienteDiAppartenenza`, `giorno`, `mattina`, `pomeriggio`, `sera`) VALUES ('tbianchi@gmail.com', '2017-02-17', '231', '237', '243');
INSERT INTO `diarbete`.`valoreglicemico` (`pazienteDiAppartenenza`, `giorno`, `mattina`, `pomeriggio`, `sera`) VALUES ('vschillaci@gmail.com', '2017-02-15', '243', '248', '251');
INSERT INTO `diarbete`.`valoreglicemico` (`pazienteDiAppartenenza`, `giorno`, `mattina`, `pomeriggio`, `sera`) VALUES ('vschillaci@gmail.com', '2017-02-16', '244', '247', '250');
INSERT INTO `diarbete`.`valoreglicemico` (`pazienteDiAppartenenza`, `giorno`, `mattina`, `pomeriggio`, `sera`) VALUES ('vschillaci@gmail.com', '2017-02-17', '231', '237', '242');


ALTER TABLE diarbete.postforum DROP COLUMN argomento; 
ALTER TABLE diarbete.postforum ADD COLUMN argomento varchar(2048) NOT NULL;
INSERT INTO `diarbete`.`postforum` (`titolo`, `dataInserimento`, `autorePost`, `argomento`) VALUES ('Figlio di entrambi i genitori diabetici', '2017-02-15', 'pgiordano@gmail.com', 'Buongiorno, siamo una coppia diabetici insulinodipendenti (io, 39 anni, diabetico dall\'età di 11; la mia compagna, 42 anni, diabetica dall\'età di 36).Siamo entrambi ben compensati, senza complicazioni. Abbiamo cercato un figlio, che è nato pochi giorni fa: durante la gravidanza sono stati svolti tutti gli esami del caso, che indicavano uno sviluppo regolare del feto (nei parametri di un feto \"sano\", per intenderci) e anche tutti i controlli post-nascita (dimensioni, peso, glicemia) indicano che è in ottima salute! Chiaramente siamo consapevoli che, date queste condizioni, le probabilità che anche nostro figlio \"erediti\" il diabete sono molto più alte. A tal proposito, chiediamo come possiamo muoverci perché i dottori che abbiamo consultato hanno opinioni discordanti in proposito: ad esempio c\'è chi sostiene che il latte in polvere sia sostanzialmente innocuo, al contrario c\'è chi dice che sia deleterio nel nostro caso. Quali sono le abitudini (alimentari, stile di vita ecc.) da adottare?');
INSERT INTO `diarbete`.`postforum` (`titolo`, `dataInserimento`, `autorePost`, `argomento`) VALUES ('DM dieta', '2017-01-06', 'tbianchi@gmail.com', 'Buongiorno, a causa di valori alti di glicemia (da 130 a 150 nelle ultime 3 analisi semestrali) e di colesterolo alto (242) mi è stata consigliata dal mio medico una visita ad un centro diabetologico che ho fatto stamattina e nella quale la Dottoressa mi ha parlato di valori da diabete Mellito al digiuno, in quanto negli esami la emoglobina Glicata restava nei parametri. Non mi ha dato una cura ma solo una dieta da seguire, però il più possibile rigorosamente. Nella dieta sono vietati, tra le altre cose, i legumi (fagioli, fave, ceci, lenticchie, piselli). Ho cercato su internet una dieta più chiara, ma in due o tre diete che ho trovato i legumi sono consigliati almeno 2/3 volte alla settimana. Vorrei avere un chiarimento, se possibile, su questo particolare, ed eventualmente dove trovare una dieta completa. Grazie.');
INSERT INTO `diarbete`.`postforum` (`titolo`, `dataInserimento`, `autorePost`, `argomento`) VALUES ('Presidi diabetici e residenza', '2017-01-31', 'pconti@gmail.com', 'Salve a tutti, mi presento: sono Paolo. Sono un diabetico siciliano e da poco mi sono trasferito per lavoro ad Ancona. Ho un problema relativo all\'erogazione dei presidi. So che i presidi possono essere solo erogati dalla asl di residenza della persona diabetica, ma da poco ho sentito parlare di \"domicilio temporaneo\" con cui è possibile richiedere un medico curante temporaneo nel comune in cui si è domiciliati temporaneamente come nel mio caso. Mi chiedevo se questo domicilio temporaneo valesse anche nel caso dei presidi, cioè che chiedendo il domicilio temporaneo, andando poi da un diabetologo, posso poi farmi prescrivere i presidi e ritirarli qui ad Ancona. Vorrei evitare di cambiare residenza anche perchè il mio lavoro è temporaneo ad Ancona. Qualcuno saprebbe aiutarmi? Grazie a tutti anticipatamente.');
INSERT INTO `diarbete`.`postforum` (`titolo`, `dataInserimento`, `autorePost`, `argomento`) VALUES ('Informazioni sul farmaco Eucreas', '2017-01-19', 'gesposito@gmail.com', 'Desidererei ottenere aggiornate informazioni sul medicinale qui di seguito riportato per la cura di un Diabete di tipo 2 contratto da circa 13 anni \"Eucreas 50 mg/1000 mg - compresse rivestite con film vildagliptin/metformina cloridrato\" della Novartis. Chiedo anche cortesi notizie in merito agli effetti indesiderati. Ringrazio e porgo i migliori saluti.');
INSERT INTO `diarbete`.`postforum` (`titolo`, `dataInserimento`, `autorePost`, `argomento`) VALUES ('Vino e diabete', '2017-02-06', 'opollo@gmail.com', 'Volevo sapere se si può bere vino ai pasti anche se si devono prendere le medicine per il diabete?');
INSERT INTO `diarbete`.`postforum` (`titolo`, `dataInserimento`, `autorePost`, `argomento`) VALUES ('Diabete e fiori di Bach', '2017-02-10', 'vschillaci@gmail.com', 'Gentile Dottore, vorrei sapere se avendo il diabete posso assumere i fiori di Bach che mi sono stati consigliati , per altri motivi, sapendo che questi contengono tra gli ingredienti il brandy. Grazie mille.');
INSERT INTO `diarbete`.`postforum` (`titolo`, `dataInserimento`, `autorePost`, `argomento`) VALUES ('Valore della glicemia prima di cena', '2017-02-03', 'mmorisco@gmail.com', 'Ho bisogno di un consiglio sullo spuntino del pomeriggio. Il problema è che nel pomeriggio ho bisogno di mangiare qualcosa e un semplice yogurt o un frutto spesso non mi basta quindi mi preparo un toast o mezzo panino o un po\' di pizza ma così facendo arrivo prima di cena con una glicemia sui 170-180 è grave? Mi controllo molto nel pasto del pranzo e della cena, infatti misurando la glicemia due ore dopo i pasti i valori sono dai 120 ai 160 (mi sembrano a posto). Cosa mi consiglia? Grazie');
INSERT INTO `diarbete`.`postforum` (`titolo`, `dataInserimento`, `autorePost`, `argomento`) VALUES ('Viaggiare in aereo con insulina', '2017-02-09', 'gesposito@gmail.com', 'Vorrei sapere cosa devo fare per poter salire in aereo con tutto quello che serve per la mia terapia con insulina.');


ALTER TABLE diarbete.messaggioforum DROP COLUMN body;
ALTER TABLE diarbete.messaggioforum ADD COLUMN body varchar(2048) NOT NULL;
INSERT INTO `diarbete`.`messaggioforum` (`titoloPost`, `dataPubblicazionePost`, `dataInserimentoRisposta`, `autoreRispostaDottore`, `body`) VALUES ('Figlio di entrambi i genitori diabetici', '2017-02-15 00:00:00', '2017-02-17', 'r.russo@gmail.com', 'Il diabete mellito tipo 1 è il risultato della distruzione delle cellule beta pancreatiche, che producono insulina, da parte del sistema immunitario, che produce anticorpi rivolti contro alcune strutture cellulari. Questo processo si verifica in soggetti geneticamente predisposti, probabilmente è innescato da uno o più fattori ambientali, e in genere progredisce nei mesi o negli anni, durante i quali il soggetto è asintomatico e non ha alterazioni glicemiche. Tra i fattori ambientali sono state proposte le proteine contenute nel latte vaccino (latte di mucca), che è alla base della maggior parte delle formule di latte in polvere. I dati però sono controversi e non tutti concordano nel trovare una relazione tra l’introduzione nella dieta del latte vaccino e la comparsa di autoanticorpi in bambini a rischio elevato di sviluppare diabete tipo 1. I soggetti a rischio di sviluppare diabete tipo 1 andrebbero seguiti per individuare l’eventuale sviluppo di autoanticorpi rivolti contro parti della cellula beta pancreatica. Se l’analisi risultasse positiva, allora si potrebbero valutare strategie per rallentare il danno pancreatico da parte del sistema immunitario (ancora oggetto di studi clinici in centri di ricerca specializzati). Utile il link nella notizia che compare a fianco di questa risposta.');
INSERT INTO `diarbete`.`messaggioforum` (`titoloPost`, `dataPubblicazionePost`, `dataInserimentoRisposta`, `autoreRispostaDottore`, `body`) VALUES ('DM dieta', '2017-01-06 00:00:00', '2017-01-10', 'e.perone@gmail.com', 'Ecco di seguito alcuni CONSIGLI PRATICI. BUON LAVORO!!! La dieta di chi è affetto da diabete dovrebbe essere ben equilibrata. Per evitare picchi glicemici durante la giornata sarebbe utilissimo suddividere le calorie quotidiane in cinque pasti: colazione, pranzo e cena più due spuntini, uno a metà mattina e uno a metà pomeriggio. Inoltre, sarebbe consigliabile mantenere costante l\'orario e l\'introito calorico ad ogni pasto, senza dimenticare un\'attività fisica regolare, in quanto l\'esercizio fisico aiuta a tenere sotto controllo la glicemia. Venendo alle caratteristiche della dieta giornaliera, la quota maggiore dei suoi componenti dovrebbe essere rappresentata dai carboidrati complessi (cereali e loro derivati), preferibilmente da assumere in forma integrale. Meglio MANGIARE: cereali – pasta e cereali integrali (avena, orzo perlato); legumi - fagioli, lenticchie, piselli, ceci, fave e soia; ortaggi; frutta (meglio scegliere quella con meno zucchero: pere, mele, agrumi, melone, cocomero, frutti di bosco, kiwi, fragole, ciliegie, susine, ananas e, quando possibile, mangiarla con la buccia per aumentare l\'introito di fibre). Meglio DIMINUIRE: carne; salumi; uova e derivati; latte e derivati; bevande dolcificate abbondantemente (anche succhi o spremute di frutta). L\'impiego di zuccheri semplici (dolci, zucchero, bevande, dolci ecc.) è di norma sconsigliato poiché la rapidità del loro assorbimento provoca rapidi rialzi glicemici.');
INSERT INTO `diarbete`.`messaggioforum` (`titoloPost`, `dataPubblicazionePost`, `dataInserimentoRisposta`, `autoreRispostaPaziente`, `body`) VALUES ('Presidi diabetici e residenza', '2017-01-31 00:00:00', '2017-02-03', 'mmorisco@gmail.com', 'Posso aiutarti riportando quanto indicato per ASL di Milano, che in linea di massima viene applicato in tutte le altre ASL: \"la richiesta di presidi per diabete può essere presentata anche alla ASL di domicilio, essendo in possesso di tessera sanitaria della Regione Lombardia. L\'erogazione dei presidi avverrà solo dopo l\'autorizzazione da parte dell\'ASL di residenza che sarà richiesta ed inoltrata direttamente dai nostri Uffici ASL\".');
INSERT INTO `diarbete`.`messaggioforum` (`titoloPost`, `dataPubblicazionePost`, `dataInserimentoRisposta`, `autoreRispostaDottore`, `body`) VALUES ('Informazioni sul farmaco Eucreas', '2017-01-19 00:00:00', '2017-01-25', 'd.raggi@gmail.com', 'L\'associazione vildagliptin/metformina può essere aggiunta alla terapia antidiabetica già in atto (cioè a sulfonilurea e insulina basale) quando il soggetto affetto da diabete non riesce a raggiungere un controllo adeguato in rapporto alla sua età e ad eventuali malattie associate. Il vildagliptin fa parte di una categoria di farmaci inibitori del DPP-IV, un enzima che inattiva un ormone gastrointestinale, il GLP-1. Questo ormone viene definito incretina perchè aumenta il rilascio glucosio dipendente dell\'insulina da parte delle cellule beta pancreatiche. In genere, gli inibitori del DPP-IV sono ben tollerati. Il loro uso è stato associato a un lieve aumento del rischio di infezioni delle prime vie aeree. Ad oggi non vi sono dati sufficienti per dire che l\'assunzione di questi farmaci porti a un rischio di pancreatite; comunque, il loro uso è generalmente controindicato se è in atto o vi è stato in passato un episodio di pancreatite. Infine, sono stati riportati rari casi di disfunzione epatica in pazienti che assumevano vildagliptin e alogliptin; pertanto, prima di iniziare questi farmaci va fatto un controllo della funzionalità epatica, da ripetere poi ogni tre mesi per il primo anno di trattamento.');
INSERT INTO `diarbete`.`messaggioforum` (`titoloPost`, `dataPubblicazionePost`, `dataInserimentoRisposta`, `autoreRispostaPaziente`, `body`) VALUES ('Vino e diabete', '2017-02-06 00:00:00', '2017-02-07', 'pconti@gmail.com', 'L\'effetto dell\'alcool sulla glicemia è molto complesso e passa anche attraverso l\'interazione con i farmaci antidiabetici. Vi sono però numerose osservazioni che indicano gli effetti benefici legati all\'assunzione di vino rosso con i pasti per le sue proprietà antiossidanti. Il consiglio è quello di consumare mezzo bicchiere di vino al pasto per le donne e un bicchiere per gli uomini, a meno che una storia di abuso di alcolici, la presenza di malattie epatiche e/o pancreatiche, una condizione grave di neuropatia o il riscontro di ipertrigliceridemia ne controindichino l\'uso.');
INSERT INTO `diarbete`.`messaggioforum` (`titoloPost`, `dataPubblicazionePost`, `dataInserimentoRisposta`, `autoreRispostaDottore`, `body`) VALUES ('Diabete e fiori di Bach', '2017-02-10 00:00:00', '2017-02-10', 'c.perrotta@gmail.com', 'Non conosco bene i principi su cui si basa la terapia con i fiori di Bach ma quello che ho sempre saputo (e mi sono ulteriormente documentata) è che l\'assunzione giornaliera è di poche gocce e che quindi il contenuto di alcool della soluzione assunto ogni giorno non ha alcun effetto sull\'equilibrio glicemico né interferisce con i farmaci antidiabetici.');
INSERT INTO `diarbete`.`messaggioforum` (`titoloPost`, `dataPubblicazionePost`, `dataInserimentoRisposta`, `autoreRispostaPaziente`, `body`) VALUES ('Valore della glicemia prima di cena', '2017-02-03 00:00:00', '2017-02-05', 'pgiordano@gmail.com', 'Da diabetico, posso dirti che arrivare prima del pasto con valori glicemici elevati è controproducente, dal momento che l\'imminente carico di carboidrati porta a un\'ulteriore impennata della glicemia, anche se transitoria. Il consumo di spuntini a maggior contenuto di carboidrati va valutato considerando la terapia antidiabetica in atto e le necessità nutrizionali per ogni singolo caso. Diventa quindi importante la discussione con il proprio curante per arrivare a una decisione condivisa.');
INSERT INTO `diarbete`.`messaggioforum` (`titoloPost`, `dataPubblicazionePost`, `dataInserimentoRisposta`, `autoreRispostaDottore`, `body`) VALUES ('Viaggiare in aereo con insulina', '2017-02-09', '2017-02-11', 'c.perrotta@gmail.com', 'Prima di tutto bisogna mettere in un sacchetto di cellophane la penna con l\'insulina e le scorte in modo che - all\'apertura della borsa termica -l\'ispezione possa avvenire con facilità. Inoltre, occorre portare con sé un certificato medico, meglio se scritto in inglese, che documenti la necessità dei farmaci. In ogni caso, se è necessario portare a bordo medicine, è sempre bene informare il personale della compagnia aerea all\'atto della prenotazione o al check in, per ottemperare alle norme delle compagnie. Buone vacanze!');
