INSERT INTO `diarbete`.`evento` (`regione`, `dataInserimento`, `dataEvento`, `provincia`, `comune`, `indirizzo`, `src`, `titolo`, `dottorePubblicante`, `descrizione`) VALUES ('Liguria', '2017-01-15', '2017-02-08', 'Imperia', 'Sanremo', 'Corso G. Garibaldi', 'img/eventi/sanremo.jpg', 'Prevenzione cardiovascolare. La banca del cuore va in tour ', 'c.perrotta@gmail.com', 'Parte da Sanremo (8-11 febbraio 2017), toccando poi 30 città. Ad ogni sosta, previsti screening gratuiti di prevenzione cardiovascolare. Che cos’è il Truck Tour Banca del Cuore? Il Truck Tour Banca del Cuore è un Jumbo Truck appositamente allestito, che nei prossimi 8 mesi farà tappa nel cuore di 30 città italiane: Sanremo, Ancona, Pescara, Bari, Lecce, Matera, Cosenza, Catanzaro, Napoli, Avellino, Roma, Viterbo, Perugia, Firenze, Torino, Genova, Nuoro, Cagliari, Palermo, Catania, Viareggio, Cremona, Milano, Bergamo, Trieste, Venezia, Trento, Vicenza, Bologna, Rimini. I cittadini, nei tre giorni di sosta previsti per ogni città, potranno effettuare gratuitamente uno screening di prevenzione cardiovascolare (CV) comprensivo di: esame elettrocardiografico e screening aritmico; rilievo della pressione arteriosa; prelievo di una goccia di sangue dal dito per la determinazione di tutto il profilo; storia clinica e farmaci assunti. La Banca del Cuore è un progetto ambizioso da ANMCO – Associazione Nazionale Medici Cardiologi Ospedalieri e dalla Fondazione “per il Tuo cuore” HCF Onlus per sensibilizzare la popolazione a prendersi maggior cura del proprio cuore – il nostro bene più prezioso – anche lontano da casa, in viaggio o quando non è possibile raggiungere il proprio Medico. Grazie a un BANCOMHEART personale, si potrà aprire la propria “cassaforte” virtuale ogni volta che sia necessario, anche a distanza, tramite computer, tablet e smartphone, e accedere ai propri esami ECG e dati clinici, disponibili per la consultazione e il download.');
INSERT INTO `diarbete`.`evento` (`regione`, `dataInserimento`, `dataEvento`, `provincia`, `comune`, `indirizzo`, `src`, `titolo`, `dottorePubblicante`, `descrizione`) VALUES ('Lombardia', '2017-01-15', '2017-01-30', 'Milano', 'Milano', 'Consiglio Regionale della Lombardia, via F. Filzi 22, Sala Pirelli', 'img/eventi/focus.jpg', 'Focus diabete nell’età evolutiva in Lombardia ', 'd.raggi@gmail.com', 'Lunedì 30 Gennaio si discuterà di diabete di tipo 1 al Consiglio Regionale della Lombardia, nel corso di un convegno organizzato dalla III Commissione Sanità e Politiche Sociali. Parteciperanno all’evento, in qualità di relatori, rappresentanti delle istituzioni ed esperti scientifici. Il convegno si propone come specifico “Focus sul diabete in età evolutiva in regione Lombardia” alla luce dell’aumento dei casi di diabete di tipo 1 in età pediatrica e adolescenziale. L’evento vuole aprire una riflessione e un confronto sulle azioni e le risorse già messe in campo a livello territoriale o da pianificare in futuro per un’adeguata prevenzione primaria e per favorire una diagnosi precoce attraverso screening genetici e immunologici dei bambini ad alto rischio. Le cause della comparsa tra i più giovani di questo tipo di diabete, sono infatti da ricercarsi principalmente in fattori genetici ereditari, immunitari e di tipo ambientale. Il convegno “Focus diabete nell’età evolutiva lombarda” avrà inizio alle ore 10 e sarà introdotto dal Presidente del Consiglio regionale Raffaele Cattaneo e dal Presidente della Commissione Sanità Fabio Rolfi. “Regione Lombardia –ricorda il Presidente della Commissione Fabio Rolfi – ha già recepito il Piano nazionale Diabete, che offre ai bambini con diabete e alle loro famiglie il miglior supporto possibile, riconosce il ruolo delle strutture ospedaliere specializzate, omogeneizza le cure a livello regionale e semplifica gli aspetti burocratici”.');
INSERT INTO `diarbete`.`evento` (`regione`, `dataInserimento`, `dataEvento`, `provincia`, `comune`, `indirizzo`, `src`, `titolo`, `dottorePubblicante`, `descrizione`) VALUES ('Lombardia', '2017-01-15', '2017-02-22', 'Milano', 'Milano', 'Circolo della Stampa, Palazzo Bocconi, Corso Venezia 48', 'img/eventi/occhio.jpg', 'Occhio al diabete!', 'e.perone@gmail.com', 'Ore 15.00 A che punto siamo sull’assistenza alla persona con Diabete in Lombardia –  Maria Luigia Mottes Presidente ADPMI onlus. Ore 15.20 Farmaci dal nome generico e biosimilari: benefici e  rischi per il diabetico. Conoscere per non sbagliare. Dr. Roberto Trevisan Diabetologo – Direttore USC MALATTIE ENDOCRINE-DIABETOLOGIA presso l’AO Papa Giovanni XXIII Bergamo. Ore 15.50 Ho il Diabete, non sono il Diabete. Vivere consapevolmente il diabete. Dott.ssa Serena Barello. PhD, Assegnista di ricerca, Università Cattolica del Sacro Cuore Milano. Ore 16.30 Occhio al Diabete – La retinopatia e le complicanze oculari nel diabetico. Novità nella prevenzione e cura. Dott.ssa Rosangela Lattanzio, Responsabile del Servizio di Retina medica – Vasculopatie HSR. Ore 17.10 – 18.00 Interventi dal pubblico e chiusura del congresso. Seguirà: ore 21.00 Concerto. SOLO ARMONIE 2016. Orchestra e coro Ludwig van Beethoven. La cittadinanza è invitata a partecipare – INGRESSO LIBERO');
INSERT INTO `diarbete`.`evento` (`regione`, `dataInserimento`, `dataEvento`, `provincia`, `comune`, `indirizzo`, `src`, `titolo`, `dottorePubblicante`, `descrizione`) VALUES ('Campania', '2017-01-15', '2017-02-20', 'Napoli', 'Napoli', 'Via Calata San Marco 4 – 80133 Napoli', 'img/eventi/napoli.jpg', 'Insieme per la Giornata Mondiale del Diabete', 'c.perrotta@gmail.com', 'Ore 15 Apertura dei lavori: Conduce Claudia Mercurio. Saluti: Vincenzo De Luca, Governatore Regione Campania; Luigi De Magistris, Sindaco di Napoli, Flora Beneduce, Consigliere Regionale Campania; Paola Pisanti, Ministero della Sanità; Michele Di Iorio, Presidente Federfarma Napoli; Fabiana Anastasio, FAND – Coord. Reg. Ass. Pazienti Diabetici; Olimpia Cimmino, DJ Campania; Gianpiero Aguglia, ANIAD; Giovanni Arpino, SIMG; Pietro Buono, SIEDP; Giuseppina De Simone, AMD-SID; Teresa Borrelli, OSDI; Ernesto Rossi, Presidente AMD; Ferdinando Carlo Sasso, Presidente SID; Lanfranco Scaramuzzino, Coordinatore Giornata Mondiale del Diabete 2017. Moderatori: Lanfranco Scaramuzzino, Amodio Botta, Ferdinando Carlo Sanno. I Microinfusori – Enzo di Biasi; Il cardiologo – Maurizio Galderisi; Il nefrologo – Roberto Minutolo; Il neurologo – Francesco Habetswaller; L’oculista – Gianluigi Manzi; Farmaci e insulina – Andrea Perrelli.');
INSERT INTO `diarbete`.`evento` (`regione`, `dataInserimento`, `dataEvento`, `provincia`, `comune`, `indirizzo`, `src`, `titolo`, `dottorePubblicante`, `descrizione`) VALUES ('Emilia-Romagna', '2017-01-15', '2017-05-05', 'Rimini', 'Rimini', 'Via della Fiera, 23, Rimini ', 'img/eventi/rimini.jpg', '26° Congresso Nazionale SD', 'r.russo@gmail.com', 'Il programma, allestito grazie al grande impegno del Comitato Scientifico, coordinato da Francesco Giorgino e composto da Gabriella Gruden, Gian Paolo Fadini, Pietro Formisano, Paolo Moghetti, Andrea Natali, Lorenzo Piemonti, Salvatore Piro e Sabrina Prudente, include letture, simposi, minisimposi, opinioni a confronto, incontri con l’esperto, 150 comunicazioni orali e 300 poster e si sviluppa in 5 tracks (terapia; complicanze; epidemiologia, clinica e monitoraggio; eziopatogenesi e fisiopatologia; frontiere della ricerca) . Un programma che dovrebbe soddisfare tutte le vostre esigenze e non deludere le vostre aspettative. In questi giorni al Congresso della SID si discuterà della diabetologia di oggi, di domani e di dopodomani. Perché la SID corre veloce, al passo con le nuove generazioni. Quelle dei trentenni e dei quarantenni che saranno protagonisti della parte più squisitamente scientifica del congresso, presentando i risultati delle loro ricerche. Proiettata nel futuro ma senza trascurare i cinquantenni e i sessantenni che, forti delle loro consolidate esperienze, presenteranno le loro idee sugli aspetti scientifici, clinici e organizzativi della diabetologia. Saldamente ancorata ai pareri e ai saggi consigli provenienti dai Maestri e Padri Fondatori, ora settantenni e ottantenni ma sempre fortemente impegnati nella missione originaria della SID di trasmettere conoscenza e di promuovere ricerca in tema di diabete.');

INSERT INTO `diarbete`.`dottore` (`email`, `password`, `nome`, `cognome`, `indirizzo`, `src`, `ambito`, `specializzazione`, `curriculum`) VALUES ('d.raggi@gmail.com', 'Password1', 'Daniele', 'Raggi', 'Via dei Vestini, 70024 Colle dell\'Ara, Chieti CH', 'img/dottori/raggi.jpg', 'Medicina Interna', 'Diabetologia e malattie del ricambio', 'Cognome e nome: Dott.Raggi Daniele. Luogo e data di nascita	CHIETI  - CH- 22/11/1954. Iscrizioni: 16/09/1997 - Albo Provinciale dei Medici Chirurghi di CHIETI (Ordine della Provincia di CHIETI) n. 0000003844. Lauree: 03/12/1981 - MEDICINA E CHIRURGIA (BOLOGNA \"ALMA MATER STUDIORUM\"). Abilitazioni: 1981 /2  - Medicina e Chirurgia (BOLOGNA \"ALMA MATER STUDIORUM\"). Specializzazioni: 08/07/1985 - DIABETOLOGIA E MALATTIE DEL RICAMBIO (PARMA) – Specializzazione 18/11/1991 - MEDICINA INTERNA (BOLOGNA \"ALMA MATER STUDIORUM\") - Specializzazione');
INSERT INTO `diarbete`.`dottore` (`email`, `password`, `nome`, `cognome`, `indirizzo`, `src`, `ambito`, `specializzazione`, `curriculum`) VALUES ('r.russo@gmail.com', 'Password2', 'Roberta', 'Russo', 'Piazzale Santa Maria della Misericordia, 15, 33010 Udine UD', 'img/dottori/russo.jpg', 'Medicina e Chirurgia', 'Diabetologia e malattie del ricambio', 'Cognome e nome: Dott.ssa Russo Roberta. Luogo e data di nascita	UDINE  - UD- 31/10/1972. Iscrizioni: 24/05/1999 - Albo Provinciale dei Medici Chirurghi di UDINE (Ordine della Provincia di UDINE) n. 0000004206. Lauree: 24/07/1998 - MEDICINA E CHIRURGIA (UDINE). Abilitazioni: 1999 /1  - Medicina e Chirurgia (UDINE). Specializzazioni: 08/05/2002 - DIABETOLOGIA E MALATTIE DEL RICAMBIO (PARMA) – Specializzazione');
INSERT INTO `diarbete`.`dottore` (`email`, `password`, `nome`, `cognome`, `indirizzo`, `src`, `ambito`, `specializzazione`, `curriculum`) VALUES ('e.perone@gmail.com', 'Password3', 'Enrico', 'Perone', 'Contrada Papardo, 98158 Messina ME', 'img/dottori/perone.jpg', 'Medicina e Chirurgia', 'Endocrinologia e malattie ricambio (indirizzo malattie del ricambio e diabetologia) ', 'Cognome e nome: Dott.Perone Enrico. Luogo e data di nascita: MESSINA - ME- 19/12/1971. Iscrizioni: 17/09/1998 - Albo Provinciale dei Medici Chirurghi di MESSINA (Ordine della Provincia di MESSINA) n. 0000008018. Lauree: 17/07/1997 - MEDICINA E CHIRURGIA (MESSINA). Abilitazioni: 1998 /1  - Medicina e Chirurgia (MESSINA). Specializzazioni: 28/10/2003 - ENDOCRINOLOGIA E MALATTIE RICAMBIO (INDIRIZZO MALATTIE DEL RICAMBIO E DIABETOLOGIA) (MESSINA) – Specializzazione.');
INSERT INTO `diarbete`.`dottore` (`email`, `password`, `nome`, `cognome`, `indirizzo`, `src`, `ambito`, `specializzazione`, `curriculum`) VALUES ('c.perrotta@gmail.com', 'Password4', 'Concetta', 'Perrotta', 'Via di Ponte Quattro capi, 39, 00186 Isola Tiberina, Roma RM', 'img/dottori/perrotta.jpg', 'Medicina Interna', 'Endocrinologia e malattie ricambio (indirizzo malattie del ricambio e diabetologia) ', 'Cognome e nome: Dott.ssa Perrotta Concetta. Luogo e data di nascita: REGGIO DI CALABRIA  - RC- 21/10/1950. Iscrizioni: 10/02/1976 - Albo Provinciale dei Medici Chirurghi di ROMA (Ordine della Provincia di ROMA) n. 0000022522. Lauree: 18/07/1975 - MEDICINA E CHIRURGIA (ROMA \"LA SAPIENZA\"). Abilitazioni: 1976 /1  - Medicina e Chirurgia (ROMA \"LA SAPIENZA\"). Specializzazioni: 16/07/1986 - MEDICINA NUCLEARE (ROMA \"LA SAPIENZA\") – Specializzazione: 17/11/1994 - ENDOCRINOLOGIA E MALATTIE RICAMBIO (INDIRIZZO ENDOCRINOLOGIA) (ROMA \"LA SAPIENZA\") – Specializzazione. 22/07/1982 - MEDICINA INTERNA (ROMA \"LA SAPIENZA\") – Specializzazione.');


INSERT INTO `diarbete`.`paziente` (`email`, `password`, `nome`, `cognome`, `indirizzo`, `src`, `descrizione`, `tipoDiabete`, `dataDiNascita`) VALUES ('mmorisco@gmail.com', 'paziente1', 'Marco', 'Morisco', 'Corso Garibaldi, 42, Roma', 'img/pazienti/paziente1.jpg', 'Amo la musica e la politica svedese.', '2', '1988-03-26');
INSERT INTO `diarbete`.`paziente` (`email`, `password`, `nome`, `cognome`, `indirizzo`, `src`, `descrizione`, `tipoDiabete`, `dataDiNascita`) VALUES ('pconti@gmail.com', 'paziente2', 'Paolo', 'Conti', 'Corso Malta, 6, Rimini', 'img/pazienti/paziente2.jpg', 'Amo la buona cucina. ', '2', '1975-04-03');
INSERT INTO `diarbete`.`paziente` (`email`, `password`, `nome`, `cognome`, `indirizzo`, `src`, `descrizione`, `tipoDiabete`, `dataDiNascita`) VALUES ('opollo@gmail.com', 'paziente3', 'Osvaldo', 'Pollo', 'Via Roma, 78, Bergamo', 'img/pazienti/paziente3.jpg', 'Apprezzo la musica rap e amo stare in compagnia dei miei amici.', '1', '1972-01-23');
INSERT INTO `diarbete`.`paziente` (`email`, `password`, `nome`, `cognome`, `indirizzo`, `src`, `descrizione`, `tipoDiabete`, `dataDiNascita`) VALUES ('pgiordano@gmail.com', 'paziente4', 'Piero', 'Giordano', 'Via delle Camelie, 53, Napoli', 'img/pazienti/paziente4.jpg', 'Amo leggere classici e nel tempo libero seguo un corso da sommelier.', '2', '1978-10-15');
INSERT INTO `diarbete`.`paziente` (`email`, `password`, `nome`, `cognome`, `indirizzo`, `src`, `descrizione`, `tipoDiabete`, `dataDiNascita`) VALUES ('vschillaci@gmail.com', 'paziente5', 'Veronica', 'Schillaci', 'Via del Lagno, 21, Torino', 'img/pazienti/paziente5.jpg', 'Nel tempo libero mi dedico alla mia passione per lo yoga.', '1', '1980-07-19');
INSERT INTO `diarbete`.`paziente` (`email`, `password`, `nome`, `cognome`, `indirizzo`, `src`, `descrizione`, `tipoDiabete`, `dataDiNascita`) VALUES ('tbianchi@gmail.com', 'paziente6', 'Teresa', 'Bianchi', 'Piazza della Libertà, 5, Bologna', 'img/pazienti/paziente6.jpg', 'Nel tempo mi diletto a dipingere tramonti e frutta morta.', '2', '1986-05-08');
INSERT INTO `diarbete`.`paziente` (`email`, `password`, `nome`, `cognome`, `indirizzo`, `src`, `descrizione`, `tipoDiabete`, `dataDiNascita`) VALUES ('gesposito@gmail.com', 'paziente7', 'Gennaro', 'Esposito', 'Via Mezzocannone, 12, Napoli', 'img/pazienti/paziente7.jpg', 'Amante del teatro, adoro la vera pizza napoletana!', '2', '1965-08-16');



INSERT INTO `diarbete`.`valoreglicemico` (`pazienteDiAppartenenza`, `giorno`, `mattina`, `pomeriggio`, `sera`) VALUES ('mmorisco@gmail.com', '2017-02-15', '230', '240', '230');
INSERT INTO `diarbete`.`valoreglicemico` (`pazienteDiAppartenenza`, `giorno`, `mattina`, `pomeriggio`, `sera`) VALUES ('mmorisco@gmail.com', '2017-02-16', '231', '239', '245');
INSERT INTO `diarbete`.`valoreglicemico` (`pazienteDiAppartenenza`, `giorno`, `mattina`, `pomeriggio`, `sera`) VALUES ('mmorisco@gmail.com', '2017-02-17', '235', '235', '241');
INSERT INTO `diarbete`.`valoreglicemico` (`pazienteDiAppartenenza`, `giorno`, `mattina`, `pomeriggio`, `sera`) VALUES ('gesposito@gmail.com', '2017-02-15', '233', '245', '240');
INSERT INTO `diarbete`.`valoreglicemico` (`pazienteDiAppartenenza`, `giorno`, `mattina`, `pomeriggio`, `sera`) VALUES ('gesposito@gmail.com', '2017-02-16', '232', '244', '239');
INSERT INTO `diarbete`.`valoreglicemico` (`pazienteDiAppartenenza`, `giorno`, `mattina`, `pomeriggio`, `sera`) VALUES ('gesposito@gmail.com', '2017-02-17', '227', '230', '236');
INSERT INTO `diarbete`.`valoreglicemico` (`pazienteDiAppartenenza`, `giorno`, `mattina`, `pomeriggio`, `sera`) VALUES ('opollo@gmail.com', '2017-02-15', '240', '252', '247');
INSERT INTO `diarbete`.`valoreglicemico` (`pazienteDiAppartenenza`, `giorno`, `mattina`, `pomeriggio`, `sera`) VALUES ('opollo@gmail.com', '2017-02-16', '242', '255', '250');
INSERT INTO `diarbete`.`valoreglicemico` (`pazienteDiAppartenenza`, `giorno`, `mattina`, `pomeriggio`, `sera`) VALUES ('opollo@gmail.com', '2017-02-17', '235', '240', '237');
INSERT INTO `diarbete`.`valoreglicemico` (`pazienteDiAppartenenza`, `giorno`, `mattina`, `pomeriggio`, `sera`) VALUES ('pconti@gmail.com', '2017-02-15', '237', '255', '248');
INSERT INTO `diarbete`.`valoreglicemico` (`pazienteDiAppartenenza`, `giorno`, `mattina`, `pomeriggio`, `sera`) VALUES ('pconti@gmail.com', '2017-02-16', '246', '250', '245');
INSERT INTO `diarbete`.`valoreglicemico` (`pazienteDiAppartenenza`, `giorno`, `mattina`, `pomeriggio`, `sera`) VALUES ('pconti@gmail.com', '2017-02-17', '240', '246', '244');
INSERT INTO `diarbete`.`valoreglicemico` (`pazienteDiAppartenenza`, `giorno`, `mattina`, `pomeriggio`, `sera`) VALUES ('pgiordano@gmail.com', '2017-02-15', '230', '236', '232');
INSERT INTO `diarbete`.`valoreglicemico` (`pazienteDiAppartenenza`, `giorno`, `mattina`, `pomeriggio`, `sera`) VALUES ('pgiordano@gmail.com', '2017-02-16', '233', '238', '234');
INSERT INTO `diarbete`.`valoreglicemico` (`pazienteDiAppartenenza`, `giorno`, `mattina`, `pomeriggio`, `sera`) VALUES ('pgiordano@gmail.com', '2017-02-17', '235', '239', '237');
INSERT INTO `diarbete`.`valoreglicemico` (`pazienteDiAppartenenza`, `giorno`, `mattina`, `pomeriggio`, `sera`) VALUES ('tbianchi@gmail.com', '2017-02-15', '241', '246', '248');
INSERT INTO `diarbete`.`valoreglicemico` (`pazienteDiAppartenenza`, `giorno`, `mattina`, `pomeriggio`, `sera`) VALUES ('tbianchi@gmail.com', '2017-02-16', '239', '245', '243');
INSERT INTO `diarbete`.`valoreglicemico` (`pazienteDiAppartenenza`, `giorno`, `mattina`, `pomeriggio`, `sera`) VALUES ('tbianchi@gmail.com', '2017-02-17', '231', '237', '243');
INSERT INTO `diarbete`.`valoreglicemico` (`pazienteDiAppartenenza`, `giorno`, `mattina`, `pomeriggio`, `sera`) VALUES ('vschillaci@gmail.com', '2017-02-15', '243', '248', '251');
INSERT INTO `diarbete`.`valoreglicemico` (`pazienteDiAppartenenza`, `giorno`, `mattina`, `pomeriggio`, `sera`) VALUES ('vschillaci@gmail.com', '2017-02-16', '244', '247', '250');
INSERT INTO `diarbete`.`valoreglicemico` (`pazienteDiAppartenenza`, `giorno`, `mattina`, `pomeriggio`, `sera`) VALUES ('vschillaci@gmail.com', '2017-02-17', '231', '237', '242');
INSERT INTO `diarbete`.`valoreglicemico` (`pazienteDiAppartenenza`, `giorno`, `mattina`, `pomeriggio`, `sera`) VALUES ('mmorisco@gmail.com', '2017-02-18', '232', '242', '250');
INSERT INTO `diarbete`.`valoreglicemico` (`pazienteDiAppartenenza`, `giorno`, `mattina`, `pomeriggio`, `sera`) VALUES ('gesposito@gmail.com', '2017-02-18', '237', '240', '230');
INSERT INTO `diarbete`.`valoreglicemico` (`pazienteDiAppartenenza`, `giorno`, `mattina`, `pomeriggio`, `sera`) VALUES ('opollo@gmail.com', '2017-02-18', '231', '250', '240');
INSERT INTO `diarbete`.`valoreglicemico` (`pazienteDiAppartenenza`, `giorno`, `mattina`, `pomeriggio`, `sera`) VALUES ('pconti@gmail.com', '2017-02-18', '230', '249', '234');
INSERT INTO `diarbete`.`valoreglicemico` (`pazienteDiAppartenenza`, `giorno`, `mattina`, `pomeriggio`, `sera`) VALUES ('pgiordano@gmail.com', '2017-02-18', '230', '248', '2308');
INSERT INTO `diarbete`.`valoreglicemico` (`pazienteDiAppartenenza`, `giorno`, `mattina`, `pomeriggio`, `sera`) VALUES ('tbianchi@gmail.com', '2017-02-18', '233', '247', '238');
INSERT INTO `diarbete`.`valoreglicemico` (`pazienteDiAppartenenza`, `giorno`, `mattina`, `pomeriggio`, `sera`) VALUES ('vschillaci@gmail.com', '2017-02-18', '234', '246', '239');


INSERT INTO `diarbete`.`postforum` (`titolo`, `dataInserimento`, `autorePost`, `argomento`) VALUES ('Figlio di entrambi i genitori diabetici', '2017-02-15', 'pgiordano@gmail.com', 'Buongiorno, siamo una coppia diabetici insulinodipendenti (io, 39 anni, diabetico dall\'età di 11; la mia compagna, 42 anni, diabetica dall\'età di 36).Siamo entrambi ben compensati, senza complicazioni. Abbiamo cercato un figlio, che è nato pochi giorni fa: durante la gravidanza sono stati svolti tutti gli esami del caso, che indicavano uno sviluppo regolare del feto (nei parametri di un feto \"sano\", per intenderci) e anche tutti i controlli post-nascita (dimensioni, peso, glicemia) indicano che è in ottima salute! Chiaramente siamo consapevoli che, date queste condizioni, le probabilità che anche nostro figlio \"erediti\" il diabete sono molto più alte. A tal proposito, chiediamo come possiamo muoverci perché i dottori che abbiamo consultato hanno opinioni discordanti in proposito: ad esempio c\'è chi sostiene che il latte in polvere sia sostanzialmente innocuo, al contrario c\'è chi dice che sia deleterio nel nostro caso. Quali sono le abitudini (alimentari, stile di vita ecc.) da adottare?');
INSERT INTO `diarbete`.`postforum` (`titolo`, `dataInserimento`, `autorePost`, `argomento`) VALUES ('DM dieta', '2017-01-06', 'tbianchi@gmail.com', 'Buongiorno, a causa di valori alti di glicemia (da 130 a 150 nelle ultime 3 analisi semestrali) e di colesterolo alto (242) mi è stata consigliata dal mio medico una visita ad un centro diabetologico che ho fatto stamattina e nella quale la Dottoressa mi ha parlato di valori da diabete Mellito al digiuno, in quanto negli esami la emoglobina Glicata restava nei parametri. Non mi ha dato una cura ma solo una dieta da seguire, però il più possibile rigorosamente. Nella dieta sono vietati, tra le altre cose, i legumi (fagioli, fave, ceci, lenticchie, piselli). Ho cercato su internet una dieta più chiara, ma in due o tre diete che ho trovato i legumi sono consigliati almeno 2/3 volte alla settimana. Vorrei avere un chiarimento, se possibile, su questo particolare, ed eventualmente dove trovare una dieta completa. Grazie.');
INSERT INTO `diarbete`.`postforum` (`titolo`, `dataInserimento`, `autorePost`, `argomento`) VALUES ('Presidi diabetici e residenza', '2017-01-31', 'pconti@gmail.com', 'Salve a tutti, mi presento: sono Paolo. Sono un diabetico siciliano e da poco mi sono trasferito per lavoro ad Ancona. Ho un problema relativo all\'erogazione dei presidi. So che i presidi possono essere solo erogati dalla asl di residenza della persona diabetica, ma da poco ho sentito parlare di \"domicilio temporaneo\" con cui è possibile richiedere un medico curante temporaneo nel comune in cui si è domiciliati temporaneamente come nel mio caso. Mi chiedevo se questo domicilio temporaneo valesse anche nel caso dei presidi, cioè che chiedendo il domicilio temporaneo, andando poi da un diabetologo, posso poi farmi prescrivere i presidi e ritirarli qui ad Ancona. Vorrei evitare di cambiare residenza anche perchè il mio lavoro è temporaneo ad Ancona. Qualcuno saprebbe aiutarmi? Grazie a tutti anticipatamente.');
INSERT INTO `diarbete`.`postforum` (`titolo`, `dataInserimento`, `autorePost`, `argomento`) VALUES ('Informazioni sul farmaco Eucreas', '2017-01-19', 'gesposito@gmail.com', 'Desidererei ottenere aggiornate informazioni sul medicinale qui di seguito riportato per la cura di un Diabete di tipo 2 contratto da circa 13 anni \"Eucreas 50 mg/1000 mg - compresse rivestite con film vildagliptin/metformina cloridrato\" della Novartis. Chiedo anche cortesi notizie in merito agli effetti indesiderati. Ringrazio e porgo i migliori saluti.');
INSERT INTO `diarbete`.`postforum` (`titolo`, `dataInserimento`, `autorePost`, `argomento`) VALUES ('Vino e diabete', '2017-02-06', 'opollo@gmail.com', 'Volevo sapere se si può bere vino ai pasti anche se si devono prendere le medicine per il diabete?');
INSERT INTO `diarbete`.`postforum` (`titolo`, `dataInserimento`, `autorePost`, `argomento`) VALUES ('Diabete e fiori di Bach', '2017-02-10', 'vschillaci@gmail.com', 'Gentile Dottore, vorrei sapere se avendo il diabete posso assumere i fiori di Bach che mi sono stati consigliati , per altri motivi, sapendo che questi contengono tra gli ingredienti il brandy. Grazie mille.');
INSERT INTO `diarbete`.`postforum` (`titolo`, `dataInserimento`, `autorePost`, `argomento`) VALUES ('Valore della glicemia prima di cena', '2017-02-03', 'mmorisco@gmail.com', 'Ho bisogno di un consiglio sullo spuntino del pomeriggio. Il problema è che nel pomeriggio ho bisogno di mangiare qualcosa e un semplice yogurt o un frutto spesso non mi basta quindi mi preparo un toast o mezzo panino o un po\' di pizza ma così facendo arrivo prima di cena con una glicemia sui 170-180 è grave? Mi controllo molto nel pasto del pranzo e della cena, infatti misurando la glicemia due ore dopo i pasti i valori sono dai 120 ai 160 (mi sembrano a posto). Cosa mi consiglia? Grazie');
INSERT INTO `diarbete`.`postforum` (`titolo`, `dataInserimento`, `autorePost`, `argomento`) VALUES ('Viaggiare in aereo con insulina', '2017-02-09', 'gesposito@gmail.com', 'Vorrei sapere cosa devo fare per poter salire in aereo con tutto quello che serve per la mia terapia con insulina.');


INSERT INTO `diarbete`.`messaggioforum` (`titoloPost`, `dataPubblicazionePost`, `dataInserimentoRisposta`, `autoreRispostaDottore`, `body`) VALUES ('Figlio di entrambi i genitori diabetici', '2017-02-15 00:00:00', '2017-02-17', 'r.russo@gmail.com', 'Il diabete mellito tipo 1 è il risultato della distruzione delle cellule beta pancreatiche, che producono insulina, da parte del sistema immunitario, che produce anticorpi rivolti contro alcune strutture cellulari. Questo processo si verifica in soggetti geneticamente predisposti, probabilmente è innescato da uno o più fattori ambientali, e in genere progredisce nei mesi o negli anni, durante i quali il soggetto è asintomatico e non ha alterazioni glicemiche. Tra i fattori ambientali sono state proposte le proteine contenute nel latte vaccino (latte di mucca), che è alla base della maggior parte delle formule di latte in polvere. I dati però sono controversi e non tutti concordano nel trovare una relazione tra l’introduzione nella dieta del latte vaccino e la comparsa di autoanticorpi in bambini a rischio elevato di sviluppare diabete tipo 1. I soggetti a rischio di sviluppare diabete tipo 1 andrebbero seguiti per individuare l’eventuale sviluppo di autoanticorpi rivolti contro parti della cellula beta pancreatica. Se l’analisi risultasse positiva, allora si potrebbero valutare strategie per rallentare il danno pancreatico da parte del sistema immunitario (ancora oggetto di studi clinici in centri di ricerca specializzati). Utile il link nella notizia che compare a fianco di questa risposta.');
INSERT INTO `diarbete`.`messaggioforum` (`titoloPost`, `dataPubblicazionePost`, `dataInserimentoRisposta`, `autoreRispostaDottore`, `body`) VALUES ('DM dieta', '2017-01-06 00:00:00', '2017-01-10', 'e.perone@gmail.com', 'Ecco di seguito alcuni CONSIGLI PRATICI. BUON LAVORO!!! La dieta di chi è affetto da diabete dovrebbe essere ben equilibrata. Per evitare picchi glicemici durante la giornata sarebbe utilissimo suddividere le calorie quotidiane in cinque pasti: colazione, pranzo e cena più due spuntini, uno a metà mattina e uno a metà pomeriggio. Inoltre, sarebbe consigliabile mantenere costante l\'orario e l\'introito calorico ad ogni pasto, senza dimenticare un\'attività fisica regolare, in quanto l\'esercizio fisico aiuta a tenere sotto controllo la glicemia. Venendo alle caratteristiche della dieta giornaliera, la quota maggiore dei suoi componenti dovrebbe essere rappresentata dai carboidrati complessi (cereali e loro derivati), preferibilmente da assumere in forma integrale. Meglio MANGIARE: cereali – pasta e cereali integrali (avena, orzo perlato); legumi - fagioli, lenticchie, piselli, ceci, fave e soia; ortaggi; frutta (meglio scegliere quella con meno zucchero: pere, mele, agrumi, melone, cocomero, frutti di bosco, kiwi, fragole, ciliegie, susine, ananas e, quando possibile, mangiarla con la buccia per aumentare l\'introito di fibre). Meglio DIMINUIRE: carne; salumi; uova e derivati; latte e derivati; bevande dolcificate abbondantemente (anche succhi o spremute di frutta). L\'impiego di zuccheri semplici (dolci, zucchero, bevande, dolci ecc.) è di norma sconsigliato poiché la rapidità del loro assorbimento provoca rapidi rialzi glicemici.');
INSERT INTO `diarbete`.`messaggioforum` (`titoloPost`, `dataPubblicazionePost`, `dataInserimentoRisposta`, `autoreRispostaPaziente`, `body`) VALUES ('Presidi diabetici e residenza', '2017-01-31 00:00:00', '2017-02-03', 'mmorisco@gmail.com', 'Posso aiutarti riportando quanto indicato per ASL di Milano, che in linea di massima viene applicato in tutte le altre ASL: \"la richiesta di presidi per diabete può essere presentata anche alla ASL di domicilio, essendo in possesso di tessera sanitaria della Regione Lombardia. L\'erogazione dei presidi avverrà solo dopo l\'autorizzazione da parte dell\'ASL di residenza che sarà richiesta ed inoltrata direttamente dai nostri Uffici ASL\".');
INSERT INTO `diarbete`.`messaggioforum` (`titoloPost`, `dataPubblicazionePost`, `dataInserimentoRisposta`, `autoreRispostaDottore`, `body`) VALUES ('Informazioni sul farmaco Eucreas', '2017-01-19 00:00:00', '2017-01-25', 'd.raggi@gmail.com', 'L\'associazione vildagliptin/metformina può essere aggiunta alla terapia antidiabetica già in atto (cioè a sulfonilurea e insulina basale) quando il soggetto affetto da diabete non riesce a raggiungere un controllo adeguato in rapporto alla sua età e ad eventuali malattie associate. Il vildagliptin fa parte di una categoria di farmaci inibitori del DPP-IV, un enzima che inattiva un ormone gastrointestinale, il GLP-1. Questo ormone viene definito incretina perchè aumenta il rilascio glucosio dipendente dell\'insulina da parte delle cellule beta pancreatiche. In genere, gli inibitori del DPP-IV sono ben tollerati. Il loro uso è stato associato a un lieve aumento del rischio di infezioni delle prime vie aeree. Ad oggi non vi sono dati sufficienti per dire che l\'assunzione di questi farmaci porti a un rischio di pancreatite; comunque, il loro uso è generalmente controindicato se è in atto o vi è stato in passato un episodio di pancreatite. Infine, sono stati riportati rari casi di disfunzione epatica in pazienti che assumevano vildagliptin e alogliptin; pertanto, prima di iniziare questi farmaci va fatto un controllo della funzionalità epatica, da ripetere poi ogni tre mesi per il primo anno di trattamento.');
INSERT INTO `diarbete`.`messaggioforum` (`titoloPost`, `dataPubblicazionePost`, `dataInserimentoRisposta`, `autoreRispostaPaziente`, `body`) VALUES ('Vino e diabete', '2017-02-06 00:00:00', '2017-02-07', 'pconti@gmail.com', 'L\'effetto dell\'alcool sulla glicemia è molto complesso e passa anche attraverso l\'interazione con i farmaci antidiabetici. Vi sono però numerose osservazioni che indicano gli effetti benefici legati all\'assunzione di vino rosso con i pasti per le sue proprietà antiossidanti. Il consiglio è quello di consumare mezzo bicchiere di vino al pasto per le donne e un bicchiere per gli uomini, a meno che una storia di abuso di alcolici, la presenza di malattie epatiche e/o pancreatiche, una condizione grave di neuropatia o il riscontro di ipertrigliceridemia ne controindichino l\'uso.');
INSERT INTO `diarbete`.`messaggioforum` (`titoloPost`, `dataPubblicazionePost`, `dataInserimentoRisposta`, `autoreRispostaDottore`, `body`) VALUES ('Diabete e fiori di Bach', '2017-02-10 00:00:00', '2017-02-10', 'c.perrotta@gmail.com', 'Non conosco bene i principi su cui si basa la terapia con i fiori di Bach ma quello che ho sempre saputo (e mi sono ulteriormente documentata) è che l\'assunzione giornaliera è di poche gocce e che quindi il contenuto di alcool della soluzione assunto ogni giorno non ha alcun effetto sull\'equilibrio glicemico né interferisce con i farmaci antidiabetici.');
INSERT INTO `diarbete`.`messaggioforum` (`titoloPost`, `dataPubblicazionePost`, `dataInserimentoRisposta`, `autoreRispostaPaziente`, `body`) VALUES ('Valore della glicemia prima di cena', '2017-02-03 00:00:00', '2017-02-05', 'pgiordano@gmail.com', 'Da diabetico, posso dirti che arrivare prima del pasto con valori glicemici elevati è controproducente, dal momento che l\'imminente carico di carboidrati porta a un\'ulteriore impennata della glicemia, anche se transitoria. Il consumo di spuntini a maggior contenuto di carboidrati va valutato considerando la terapia antidiabetica in atto e le necessità nutrizionali per ogni singolo caso. Diventa quindi importante la discussione con il proprio curante per arrivare a una decisione condivisa.');
INSERT INTO `diarbete`.`messaggioforum` (`titoloPost`, `dataPubblicazionePost`, `dataInserimentoRisposta`, `autoreRispostaDottore`, `body`) VALUES ('Viaggiare in aereo con insulina', '2017-02-09', '2017-02-11', 'c.perrotta@gmail.com', 'Prima di tutto bisogna mettere in un sacchetto di cellophane la penna con l\'insulina e le scorte in modo che - all\'apertura della borsa termica -l\'ispezione possa avvenire con facilità. Inoltre, occorre portare con sé un certificato medico, meglio se scritto in inglese, che documenti la necessità dei farmaci. In ogni caso, se è necessario portare a bordo medicine, è sempre bene informare il personale della compagnia aerea all\'atto della prenotazione o al check in, per ottemperare alle norme delle compagnie. Buone vacanze!');
